question,answer_text,answer_aliases
Whose character ran a bookshop in the film 'Notting Hill'?,Hugh Grant,hughjohnmungogrant|hugh grant|hugh john mungo grant
Which playing card is called the curse of Scotland,Nine of Diamonds,curse of scotland|nine of diamonds
"""Which is the Muppet character who appeared in """"The Muppet Show"""" from the third season and in a number of Muppet films, who throws fish which return to him and plays a fish organ (a line of fish that, when squeezed, each gargle a different note)?""",Robin (Muppet),frackles|constantine frog|yolanda rat|lew zealand|marvin suggs|crazy harry|anything muppet|beautiful day monster|mildred huxtetter|pops muppet|elvises|link hogthrob|list of muppets|sal minella|waldo c graphic|anything muppets|thog muppet|uncle deadly muppet|andy pig|list of muppet show muppets|clifford muppet|steel rabbit|bobo bear|dr julius strangepork|andy and randy pig|lou zealand|emily bear muppet|johnny fiama|mr poodlepants|randy pig|beauregard muppet|robin frog|robin muppet|bean bunny|sweetums|muppet newsman|80s robot|bubba rat|whatnot muppet|camilla muppet|ma bear|camilla chicken|george janitor|baskerville hound|Robin (Muppet)|The Muppet Newsman|Bubba the Rat|Uncle Deadly (Muppet)|Thog (Muppet)|The Frackles|Emily Bear (Muppet)|George the Janitor|'80s Robot|Camilla the Chicken|Constantine the Frog|Clifford (muppet)|Mr. Poodlepants|Yolanda the Rat|Bobo the bear|Robin The Frog|Camilla (muppet)|Whatnot (Muppet)|Baskerville the Hound|Dr. Julius Strangepork|Pops (Muppet)|The Elvises|Beauregard (Muppet)|Waldo C. Graphic|List of The Muppet Show Muppets
Which town is the capital of Papua New Guinea?,PG-NCD,"port morseby|mosbi|national capital district papua new guinea|pg ncd|port moresby pg ncd|port moresby pg cpm|port moresby papua new guinea|pacific port moresby|port moresby|capital of papua new guinea|PG-NCD|Port Moresby, PG-CPM|National Capital District (Papua New Guinea)|Port Moresby, Papua New Guinea|Pacific/Port Moresby|National Capital District, Papua New Guinea|Port Moresby, PG-NCD"
What is a Teeter-Totter more commonly called?,C-saw,c saw|see saw|teetertotter|teeter toter|seesaw|teeter totter|C-saw|Teeter-totter|Teeter-toter|See-saw
‘Mucke’ is the Serbo-Croatian name for which UK tv series?,Sunglasses Ron,only fools and horses|paddy greek|of h|george trotter|peckham echo|sunglasses ron|yernly fyerls and nesbits|only fools horses|only fools|trotters international traders plc|lovely jubly|voted britain s best sitcom|once upon time in peckham|trotters independent traders|nelson mandella house|Voted Britain's Best Sitcom|Only Fools and Horses...|Only Fools & Horses|Once upon a time in peckham|OF&H|Paddy The Greek
What is the name of the village druid in the comic strip ‘Asterix’?,Unhygienix,fulliautomatix|bacteria comics|pirates asterix|ocatarinetabellatchitchix|chief s shieldbearers|mrs geriatrix|characters in asterix|list of asterix characters|characters of asterix|flaturtha|impedimenta|mrs fulliautomatix|unhygienix|asterix characters|vitalstatistix|postaldistrix|getafix|recurring characters in asterix|geriatrix|iélosubmarine|cacofonix|Mrs. Geriatrix|Pirates (Asterix)|Chief's shieldbearers|Mrs. Fulliautomatix|Bacteria (comics)
What is the Latin motto of the film company Metro-Goldwyn-Mayer has the motto?,Art for art's sake,art for art s sake|ars gratia artis|l art pour l art|Art for art's sake|L'art pour l'art
"In Roman mythology, what was the name of the brother slain by Romulus?",Remus and Romulus,romulus and remus|romulus remus|romulus mythology|remus|remus and romulus|romulus|Romulus (mythology)|Romulus & Remus
The Dude would know that stroking and cranking are the two main types of delivery in what sport?,Bowling pathway,straight and hook bowling|bowling center|🎳|bowling pathway|bowling alley|ten strike|bowling shoe|10 pins|bowling lane|bowling shoes|bowling|nine pin tap|list of bowling styles|Ten-strike
Where certain religions divide the notion of heaven into parts there are generally?,Seven,seven|7
The Frenchman Jean Robert-Houdin (1805-1871) is credited with formalizing what form of entertainment?,Magikal,22magicaly 22|majick|magickal|magic film|magicaly|magic movie|magick disambiguation|low magic|magikal|magick|magic|magiks|magic song|magick single|magic album|magic fm|magical powers|magical record|magick song|magic disambiguation|magically|magic powers|The Magic (disambiguation)|Magick (song)|Magick (disambiguation)|The Magic|%22magicaly%22|Magic (movie)|Magic (album)|Magic (disambiguation)|Magic (song)|Magic (film)|Magick (single)
Which singer had a big 60s No 1 with Roses Are Red?,Bobby Vinton,bobby vinton
Which country is currently ruled by the Chakri dynasty that has been in power since 1782?,Muang Thai,thailand|kingdom of thailand|kingdom of thai|เมืองไทย|prathet thai|name of thailand|thayland|taihland|muang thai|iso 3166 1 th|skateboarding in thailand|thai kingdom|sport in thailand|siam thailand|sayam|siam|ratcha anachak thai|ราชอาณาจักรไทย|etymology of thailand|tailand|thailande|ประเทศไทย|thai empire|ISO 3166-1:TH|Muang-Thai|The Kingdom Of Thailand|Siam (Thailand)|Kingdom of the Thai
What is a female skunk called?,Sows,sows|sow disambiguation|sow|SOW (disambiguation)
"What cocktail typically consists of 3 parts vodka, 1 part apple schnapps, and 1 part cointreau?",Appletini,apple martini|appletini
Catoptromancy is the term for predicting the future using what object? Who's the fairest of them all!,Handmirror,mirror|handmirrors|mirrors|decorative mirrors|glass mirror|silver mirror|hand mirrors|mirror types|reflective glass|looking glass|cheval glass|handmirror|hand mirror|Hand-mirror|Hand-mirrors
"""Whose last recorded words in the House of Commons were: """"I wish everyone, friend or foe, well. And that is that. The end """" ?""",Rt Hon Anthony Blair MP,"tony blair sports foundation|tony blaire|anthony tony blair|toney blair|prime minister tony blair|family of tony blair|blairian|herr blair|rt hon tony blair|tony blaer|anthony charles lynton 22tony 22 blair|tony bliar|anthony charles lynton blair|anthony c l blair|tony blare|tony blair|education education education|education education and education|tonie blair|tony blairs|tony blair pm|tony blari|tonyblair|tony blair s private life|blair doctrine|rt hon anthony blair mp|rt hon anthony charles lynton blair|tony blear|president blair|tony balir|tory blair|anthony charles blair|antony blair|The Tony Blair Sports Foundation|Rt. Hon Tony Blair|Anthony C. L. Blair|Anthony Charles Lynton %22Tony%22 Blair|Anthony (Tony) Blair|Tony Blair's Private life|Education, education and education|Rt. Hon. Anthony Charles Lynton Blair|Education, education, education"
"What can be a legislative body, a collective name for type of bird, and a funk band?",Parliamnet,parlament|parliamnet|parliarment|parliment|parlaiment|cabinet parliamentary|parliamentary government|national parliaments|national parliament|parliaments of europe|parliaments|parliament|Cabinet-parliamentary
Milford Sound in Fiordland National Park that was once judged the world's top travel destination is in which country,N Z,"newzealand|new zealand|aotearoa|kiwistan|new zeland|staten land|staten landt|neo zealand|new zeeland|mew zealand|new zealand s|new zealend|iso 3166 1 nz|nova zeelandia|aotearoa new zealand|nu tirani|subdivisions of new zealand|n zealand|new zealnd|new zealnad|new xealand|administrative divisions of new zealand|maoriland|nzl|niu tireni|new z|its got that new zeal|n z|name of new zealand|enzed|nz|new zaeland|new zelanad|sheepland|etymology of new zealand|kiwiland|māoria|staaten land|nouvelle zelande|Nouvelle-Zelande|New Zealand's|New Zealand.|New Zealand,|New+Zealand|ISO 3166-1:NZ|Aotearoa / New Zealand|New-Zealand|N.Z.|New.Zealand|N. Zealand"
What is the result of raising any number to the power of zero?,1,1|one
Which jazz saxophonist was nicknamed Bird,Charlie Parker,"parker charlie bird|charlie “bird” parker|cool blues|charlie 22bird 22 parker|charles parker jr|charlie parker residence|charlie parker septet|charlie parker|Parker, Charlie Bird|Charles Parker, Jr.|The Charlie Parker Septet|Charlie %22Bird%22 Parker"
209 year ago today was the founding of the United States Military Academy at what New York location?,West point,"cullum number|duty honor country|u s military academy|west point military reservation|west point|united states military acadamy|u s military academy archives|term end exam|us military academy|west point military academy|military academy at west point|west point academy|west point usma|united states military academy at west point|u s military academy at west point|united states military academy usma|camp buckner|united states military academy library|united states military academy|west point museum|west point cadet|west point university|The United States Military Academy|Duty, Honor, Country|U. S. Military Academy|West Point (USMA)|U.S. Military Academy at West Point|United States Military Academy (USMA)|U.S. military academy|U.S. Military Academy Archives"
The Koppen System is a classification system for what?,Climate,world temperatures|global climate|climate system|climates|world temperature|global temperature|climatic|average annual temperature|climate|global temperatures|world climate|climatic zone|average day temperature
In what modern-day country would you find Machu Picchu?,Lower Peru,republic of perú|piruw suyu|iso 3166 1 pe|peruvian republic|perú|piruw ripuwlika|perù|lower peru|republic of peru|el peru|el perú|pérou|peruano|name of peru|peruvia|piruw|peru|república del perú|peruvian|etymology of peru|péru|ISO 3166-1:PE
"Which band have announced they have recorded the official Wales anthem for the upcoming Euro football championship, entitled Together Stronger (C’mon Wales)?",Manic Street Preachers,flicker musician|jenny watkins isnardi|i know i believe in nothing but it is my nothing|70 songs of hatred and failure|manics|manic street preachers|The Manics|Jenny Watkins-Isnardi|Flicker (musician)|The Manic Street Preachers
Which country is separated into two parts by the town of Limbang of Malaysia?,Abode of Peace,"legal system of brunei|state of brunei abode of peace|burnei|human rights in brunei|state of brunei darussalam|brunei darussalam|nation of brunei abode of peace|administrative divisions of brunei|state of brunei|asia brunei|brunei|brunei darrussalam|negara brunei darussalam|brunai|subdivisions of brunei|brunei darsussalam|iso 3166 1 bn|brunei sultanate|abode of peace|nation of brunei|بروني|برني دارالسلا|bruneian sultanate|health in brunei|etymology of brunei|Nation of Brunei, the Abode of Peace|ISO 3166-1:BN|Asia/Brunei|Nation of Brunei, Abode of Peace|State of Brunei, Abode of Peace"
"""Which Shakespeare play features the line: """" The play's the thing / Wherein I'll catch the conscience of the king. """" ?""",The Hamlet,hamlet|flem snopes|hamlet novel|snopes family|The Hamlet|The Hamlet (novel)
"Which BBC TV sitcom about a retired security guard was set at 37 Wyngate Drive in the first series then at 19, Riverbank for the final 5 series?",List of One Foot in the Grave characters,mrs warboys|jean warboys|mit einem bein im grab|meldrew|ofitg|one foot in grave|margaret meldrew|4291|list of one foot in grave characters|List of One Foot in the Grave characters|One Foot in the Grave
Zebu cattle are famously distinguished by?,Hump,humps|humping disambiguation|humping|hump|hump disambiguation|Hump (disambiguation)|Humping (disambiguation)|A hump
Which European country has the world’s oldest national flag?,Eastern Denmark,dinamarca|denmarc|danimarca|mainland denmark|denmarke|kingdom of denmark|danemark|danmoerk|denmark|danska|danmork|denemarke|media of denmark|iso 3166 1 dk|danish kingdom|daenemark|kingdomofdenmark|administrative divisions of denmark|dänemark|subdivisions of denmark|kongeriget danmark|danmörk|eastern denmark|denmark proper|media in denmark|ISO 3166-1:DK
"What is the common name for Hydrocephalus, a pathological condition whereby fluid is retained within the skull?",Hydrocephalic,"hydrocephalic|hydroencephalitis|hydrocaphlus|hydrocephlas|hydrocephallus|hydrocephalous|hydrocephalus|hydrocephalia|communicating hydrocephalus|obstructive hydrocephalus|hydrocephaly|water in brain|water on brain|congenital hydrocephalus|non communicating hydrocephalus|hydrocephalus obstructive|Hydrocephalus, obstructive|Water in the brain|Non-communicating hydrocephalus|Water on the brain"
What synthetic fiber is used in most bulletproof vests?,Kevlar,kevlar k 29|poly paraphenylene terephthalamide|keflar|kevlar r|kevlar|Kevlar K-29|Poly-paraphenylene terephthalamide|Kevlar(r)
Who had a 60s No 1 hit with This Diamond Ring?,Dave Gonzalez (Gary Lewis & the Playboys),gary lewis and playboys|dave gonzalez gary lewis playboys|gary lewis playboys|Dave Gonzalez (Gary Lewis & the Playboys)|Gary Lewis & the Playboys|Gary Lewis and The Playboys
"""""""At night they fly, you better run, these winged things are not much fun."""" """"In the jungle you must wait, until the dice read five or eight."""" """"A tiny bite can make you itch, make you sneeze, make you twitch."""" """"This will not be an easy mission, monkeys slow the expedition."""" Clues from what 1995 movie game?""",Jumangi,jumanji movie|jumanji 2016 film|jumanji film|sam parrish|jumanji 3|jumangi|jumanij|carl bentley|jumanji reboot|jumanji 2014 film|jumanji 2|jumanji|jumanji 2015 film|sarah whittle|Jumanji (reboot)|Jumanji (film)|Jumanji (movie)|Jumanji (2014 film)|Jumanji (2016 film)|Jumanji (2015 film)
‘Loitering With Intent’ is a 1993 autobiography by which British actor?,Peter o toole,peter o toole|peter seamus o toole|peter seamus lorcan o toole|peter otoole|Peter O' Toole|Peter Seamus Lorcan O'Toole|Peter Seamus O'Toole|Peter O'Toole|Peter O’Toole
"In Switzerland, 1978, the corpse of which entertainer was reburied in concrete after it was recovered from extortionists?",Roy Export Company Establishment,sir charlie chaplin|charlie chaplan|charlie chaplain|sir charles chaplin|roy export company establishment|charles chaplin|charles spencer chaplin|charlie chaplin|charile chaplin|sir charles spencer chaplin|charliechaplin|chaplinian
"Translating from the Greek as ""separating circle"", what is the name of the apparent line that separates the earth from the sky?",Horizon distance,horizon distance|offings|horizen|horizon|ὁρίζειν|The horizon
Which member of the cabinet is MP for Maidenhead?,Theresa Mary May,theresa mary may|theresa may
What was the French sounding winner of the 2011 Epsom Derby?,Pour Moi,pour moi
In Architecture what are a series of short upright pillars supporting a coping or rail called?,Baluster,balustrade|balustrading|balustrades|balistrade|baluster shaft|banister|balusters|baluster|baristrade|balaustrade|baluster leg|balluster|balaustrates|baluster side|balustroid|Baluster-side|Baluster-shaft
David Balfour and Alan Breck are characters in books by which author?,Robert Lewis Balfour Stevenson,robert l stevenson|robert lewis stevenson|le pickleur|robert lewis balfour stevenson|virginibus puerisque|r l stevenson|apology for idlers|robert louis balfour stevenson|robert louis stevenson|robert louis stephenson|rl stevenson|An Apology for Idlers|R. L. Stevenson|R.L. Stevenson|Robert L. Stevenson
In which country will you find the 'Carisbrook Rugby Stadium'?,N Z,"newzealand|new zealand|aotearoa|kiwistan|new zeland|staten land|staten landt|neo zealand|new zeeland|mew zealand|new zealand s|new zealend|iso 3166 1 nz|nova zeelandia|aotearoa new zealand|nu tirani|subdivisions of new zealand|n zealand|new zealnd|new zealnad|new xealand|administrative divisions of new zealand|maoriland|nzl|niu tireni|new z|its got that new zeal|n z|name of new zealand|enzed|nz|new zaeland|new zelanad|sheepland|etymology of new zealand|kiwiland|māoria|staaten land|nouvelle zelande|Nouvelle-Zelande|New Zealand's|New Zealand.|New Zealand,|New+Zealand|ISO 3166-1:NZ|Aotearoa / New Zealand|New-Zealand|N.Z.|New.Zealand|N. Zealand"
Facebook's new music sharing/streaming feature launched in 2015 was called 'Music... ?,Story,stories disambiguation|story album|story disambiguation|stories album|stories|story song|stories song|story|Stories (disambiguation)|Stories (album)|Story (disambiguation)|Stories (song)|The Story|Story (song)|The story (song)|Story (album)
Which Shakespeare play begins 'Now is the winter of our discontent'?,"Richard III, King of England","richard of gloucester|car park king|richard iii of england|dick iii|richard iii england|richard 3|king richard iii of england|search for richard iii|richard iii of york|richard iii|richard iii king of england|king richard iii|richard third|richard 3rd|Richard III, King of England|Richard III (England)|Richard the Third"
Which geological perioed falls between the Triassic and the Cretaceous periods?,Dinosaur types of the jurassic,dinosaur types of jurassic|jurassic geology|jurassic period|jurasic|jurassic|jurassic era|jurassic system|jurrasic|Dinosaur types of the jurassic|Jurassic ( geology)
Justine Thornton is the fiancee of which politician?,Red Ed,ed milliband|red ed|tom baldwin journalist|ed miliband|edward miliband|Tom Baldwin (journalist)
In which county would you find Chesil Beach?,County of Dorset,"dorset england|county of dorset|dorsetshire|dorset|dorcet|Dorset, England|Dorset (England)"
"""Who duetted with Bryan Adams on the 1985 hit """"It's Only Love""""?""",Anna Bullock,tinna turner|tina turner s|tina turner|tina tuner|anna bullock|annie mae bullock|anna mae bullock|Tina Turner's
Chi is the Chinese year of what?,Cock (disambiguation),cock|cock disambiguation|cocks|Cock (disambiguation)
Who was the second wife of Henry VIII?,Anne Boylen,"anne bullen|anne boylen|anne boleyn 1st marchioness of pembroke|anna bollina|anne bolyn|ann bullen|anne boullant|queen anne boleyn|ann boleyn|anne boleyn|anne boelyn|Anne Boleyn, 1st Marchioness of Pembroke"
Who wrote The female of the species more deadly than the male?,Joseph Rudyard Kipling,"ruyard kipling|rudyard kipling|kiplingian|r kipling|joseph rudyard kipling|bard of empire|kipling rudyard|rudy kipling|kipling|kiplingesque|rudyard kipling author|kipling society|kipling joseph rudyard|Kipling, Joseph Rudyard|R. Kipling|Rudyard Kipling (author)"
In Hanna and Barbera's TV cartoons base on The Addams Family who was the voice of Gomez?,John Astin,john astin
"Originating in early central American culture, where on the body would a huarache be worn?",Foot fracture,foot sweat|foot fracture|human feet|foot fractures|human foot|foot type|foot dorsum|joints of foot|foot deformities|instep|articulationes pedis|foot|articulatio pedis|insteps|dorsum of foot|pedis|muscles of feet|articulations of foot|feet|foot muscles|plates of meat|foot taboo|broken foot|foot anatomy|Muscles of the Feet|Joints of the foot|Foot (anatomy)
If the states of the US are listed alphabetically which is the last that does NOT contain the letter O?,Demographics of West Virginia,"westvirginia|us wv|wv|west virginia|demographics of west virginia|35th state|loyal virginia|w v|state of west virginia|wes virginia|west virgina|religion in west virginia|west vrignia|climate of west virginia|thirty fifth state|mountain state|west virginia state|counties and important towns in west virgina|state symbols of west virginia|symbols of state of west virginia|west virginia u s state|counties and important towns in west virginia|virginie occidentale|w va|west virginia united states|sports in west virginia|Thirty-fifth State|US-WV|W.v.|West Virginia (U.S. state)|West Virginia (State)|Symbols of the State of West Virginia|The Mountain State|W.Va.|W. Va.|Virginie-Occidentale|West Virginia, United States|Wv."
"""In 1936, whose paper """"On Computable Numbers, with an Application to the Entscheidungsproblem"""" proved that a machine could perform any conceivable mathematical computation if it were able to be represented as an algorithm?""",Alan M. Turing,"allan turing|alan turing|alan turning|turing|alan mathison turing|alan mathison turing obe frs|christopher morcom|alan m turing|turing m|allen touring|m turing|Alan M. Turing|A. Turing|A. M. Turing|Turing, A.M.|Alan Mathison Turing, OBE, FRS"
What is Chandler's surname in Friends,Bing.com,bing web search engine|bing local|bing sidebar|bing images|bing bing search engine|ms bing|bing com|bing answers|bing explore|bing|bing visual search|bing and decide|bing search engine|msn search|bing web|bing website|bing search engine old version|bing rewards|hiybbprqag|tour bing|windows live search|bing it on|terabyte unlimited|bing community|microsoft bing|live search|bing sting|bing search|bing it|kumo search engine|bing api|bing visual search galleries beta|bing visual search galleries|get to know bing|必应|microsoft search|Bing.com|Bing (Search Engine)|Bing (website)|Kumo (search engine)|Bing (Bing search engine)|Bing (search engine)/old version|Bing (search)|Bing (web search engine)
Which cartoon character is mentioned in the single ‘Life on Mars’ by David Bowie?,Mickey Mouse Operation,electoral career of mickey mouse|mickey mouse operation|mickey mouse operations|micky mouse|miki mouse|mickey mouse|Mickey the mouse
"In which city would you find the International Court of Justice, otherwise known as The World Court?",The hague,"s gravenhage|haig|s 60gravenshage|municipality of hague|un locode nlhag|hague|den hague|gravenhage|hauge|lahey|den haag|hague netherlands|den hagg|The hague|Hague, Netherlands|The Hauge|UN/LOCODE:NLHAG|'s-Gravenhage|The haig|Hague, The|S%60Gravenshage|S-Gravenhage|'s Gravenhage|’s-Gravenhage|The Hague, Netherlands|The Hague, The Netherlands|Municipality of The Hague"
Which Scottish author who died in 1930 had Ignatius as one of his christian names?,A Conan Doyle,"arthur c doyle|doyle arthur conan|arthur ignatius conan doyle|arthur conan doyle s|arthur conan doyle|doylean|sir arthur conan doyle|sir arthur doyle|sir conan doyle|conan doyle|doyle sir arthur conan|arthur conan ignatius sir doyle|arthur conan ignatius doyle|sir arthur ignatius conan doyle|conan doyle sir arthur|A Conan Doyle|Arthur Conan-Doyle|Arthur Conan Ignatius, Sir Doyle|Doyle, Arthur Conan|Doyle, Sir Arthur Conan|Arthur C. Doyle|Arthur Conan Doyle's|Conan Doyle, Sir Arthur|A. Conan Doyle"
"In 2009, who became the first woman to referee the World Snooker Championship final?",Michaela Tabb,michaela tabb
What is the chief river of Burma ?,IRRAWADDY,irrawaddy|The Irrawaddy
What is a dish of pickled herring fillets wrapped around an onion or gerkhin called,Rollmop,rollmops|rollmop|german sushi|roll mop
"Known as The Hoosier State, what was the 19th state to join the Union on december 11, 1816?","Indiana, United States","19th state|indiana state|education in indiana|transportation in indiana|state of indiana|religion in indiana|indiana usa|hoosier state|indiana|climate of indiana|indiana u s state|northeastern indiana|indana|commonwealth of indiana|ind|transport in indiana|nineteenth state|demographics of indiana|indiania|indiana united states|us in|Indiana, United States|The Hoosier State|Ind.|Indiana, USA|Indiana (U.S. state)|Indiana (State)|US-IN|The Commonwealth of Indiana"
What was President Gerald Ford's middle name?,Rudolph (disambiguation),rudolf|rudolph|rodolphe|rudolph disambiguation|rodolph|Rudolph (disambiguation)
Which illness is commonly treated with the drugs lisinopril and ramipril?,Hypertensive diseases,symptoms of hypertension|high bp|laboratory tests for hypertension|arterial hypertension|hypertention|accelerated hypertension|awareness of hypertension|hyper tension|hypertension|high blood|elevated blood pressure|diagnosis of hypertension|prognosis of hypertension|hyperpiesia|rebound hypertension|refractory hypertension|raised blood pressure|hypertensive disorders|hyperpieses|chronic hypertension|classification of hypertension|epidemiology of hypertension|high blood pressure|hypertensive|signs and symptoms of hypertension|causes of hypertension|hypertensive disorder|prevention of hypertension|hypertensive disease|adrenal hypertension|hypertensive diseases|increased blood pressure|signs of hypertension|economics of hypertension|residual hypertension|Elevated blood-pressure
The 'naut' in the words 'astronaut' and 'aeronaut' meant originally what?,Merchant mariner,sailor|expert seamen|mariner|seafarers|boatmen|boatmanship|merchant mariner|seafarer|sailors
"Written by Earl Derr Biggers in 1925, 'The House Without A Key' was the first novel to feature which Chinese- American detective?",Charlie Chan,number one son|birmingham brown|charlie chan|charley chan
Which Palestinian co-founded al Fatah in 1957?,Yasir Arafat,death of yasser arafat|محمد عبد الرحمن عبد الرؤوف عرفات القدوة الحسيني|yasir arafat disambiguation|abū 60ammār|yassir arafat|illness of yasser arafat|yassar arafat|abu ammar|muhammed al qudwa al husseini|yasir arafat|ashraf al kurdi|muhammad abd ar rauf al qudwah al husayni|yasser arafet|yasser arafat|yaser arafat|mohammed abdel raouf arafat as qudwa al hussaeini|mohammed abdel rahman abdel raouf arafat al qudua al husseini|mohammed abdel rahman abdel raouf arafat al qudwa al husseini|death of arafat|jassir arafat|abu amar|Yasir 'Arafat|Yasser 'Arafat|Abū %60ammār|Mohammed Abdel Rahman Abdel Raouf Arafat al-Qudwa al-Husseini|Ashraf al-Kurdi|Muhammad Abd ar-Rauf al-Qudwah al-Husayni|Mohammed Abdel-Raouf Arafat As Qudwa al-Hussaeini|Muhammed al-Qudwa al-Husseini|Yasir Arafat (Disambiguation)
Who was the longest reigning British king?,"George III, King of Great Britain and Ireland","george iii of england|george iii guelph|george william frederick|king george iii|king george 3rd|farmer george|mad king george|george iii of corsica|george iii of uk|george iii|george iii king of great britain|george iii of great britain|george iii of hanover|king george iii of united kingdom|george iii of united kingdom|george iii of britain|george iii 22the mad 22 of united kingdom|king george 3 of united kingdom|king george 3|george iii king of great britain and ireland|george iii of scotland|king george iii of great britain|list of titles and honours of king george iii|george iii of great britain and ireland|george third|George III, King of Great Britain and Ireland|King george the 3rd|George III, King of Great Britain|George iii of the united kingdom|King George III of the United Kingdom|George the Third|George III of the UK|George III %22the Mad%22 of the United Kingdom|King George 3 of the United Kingdom"
Who opened the Sydney Opera House in 1973,The Queen (disambiguation),queen album|queen disambiguation|queen|queen song|The Queen (disambiguation)|The Queen (album)|The Queen|The Queen (song)
In the 'Jungle Book' what type of creature was 'Bagheera'?,Panther athletics,panther disambiguation|panther|panthers|panther athletics|The Panthers|Panther (disambiguation)
Which iconic British female singer made the highly regarded album titled '(her first name) in Memphis' ?,Dusty springfield,mary isabel catherine bernadette o brien|dusty springfield|mary isobel catherine bernadette o brien|dusty springfield s personality|dusty springfield s sexuality|dusty very best of dusty springfield|Dusty Springfield's sexuality|Dusty - The Very Best Of Dusty Springfield|Mary Isobel Catherine Bernadette O'Brien|Mary Isabel Catherine Bernadette O'Brien|Dusty Springfield's personality
What was the name of the private eye played by Trevor Eve on TV in the '70s?,Shoestring (TV series),shoestring tv series|eddie shoestring|Shoestring (TV series)
"Which country occupying 47% of South America has states including Amazonas, Sao Paulo, Bahia and Para?",Brazil,federative republic of brazil|brazil country|brésil|republica federativa do brasil|iso 3166 1 br|bresil|etymology of brazil|federal republic of brazil|brassil|barzil|brazilian republic|brazil|república federativa do brasil|brazilo|brasil|republic of brazil|brazilian federative republic|brzil|Brazil (country)|ISO 3166-1:BR
Which English town's Anglo Saxon name was Gipeswic pronounced Gipperswick,"Ipswich, UK","ipswich|ipswich suffolk|west bank terminal|gipeswic|ipswich uk|gippeswick|ipswich england|ipswich suffolk england|gippeswic|Ipswich, UK|Ipswich, Suffolk|Ipswich, England|Ipswich, Suffolk, England"
In which English county is there a town called Shitlingthorpe,County Yorkshire,"yorkshire county|yorkshire england|yorkshire uk|name of yorkshire|county of yorkshire|yorkshire|yorkshuh|yorkshire traditional|yorkshireman|god s own county|county yorkshire|yorks|vorkshire|yorkshiremen|york county england|counties of yorkshire|Yorkshire (England)|York County, England|Yorkshire (UK)|Yorkshire, England|Yorkshire (traditional)|God's own county"
What is the name of Humphrey Bogart’s character in the film ‘Casablanca’?,Rick Blaine,"play it sam|casablanca 1942|casablanca feature film|ilsa lund|casablanca film|here s looking at you|rick blaine|rick s café américain|casablanca movie|play it once sam|here s looking at you kid|victor laszlo|round up usual suspects|richard blaine|Here's Looking at You|Rick's Café Américain|Casablanca (feature film)|Casablanca (film)|Play it once, Sam|Round up the usual suspects|CASABLANCA (1942)|Here's looking at you, kid.|Here's looking at you, kid|Casablanca (movie)|Play it, Sam"
The archaeological site of the ancient city of Troy is in which country?,Turkey,turkey|tuerkiye|türkiye respublikası|republic of turkiye|tuerkei|etymology of turkey|türkiye|turkiye|tuerkiye cumhuriyeti|türkiye cumhuriyeti|republic of turkey|turky|turkish republic|türkiye respublikasi|turquia|iso 3166 1 tr|turkey nation|turkia|terky|turkei|turkie|turkey state|türkei|turquie|turkiye cumhuriyeti|turkey country|Turkey (country)|ISO 3166-1:TR|Turkey (state)|The Republic of Turkey|Turkey (nation)
‘The Crafty Cockney’ was the nickname of which British darts player?,Crafty Cockney,eric bristow|crafty cockney|The Crafty Cockney
"In Greek legend, who turned everything he touched into gold ?",Midas and the Golden Touch,midas gardens|berecynthain hero|midas and golden touch|midas curse|touch of midas|king midas|midas touch|midas|Midas and the Golden Touch|Midas' touch|The Berecynthain Hero
Which was the second British motorway,M1 (disambiguation),m1 disambiguation|м 1|m01 highway|m1|m01|m 1 highway|m 1|M1 (disambiguation)|M.1|M-1|M-1 (highway)|М-1
Dame Judi Dench and which other actress played the Widdington sisters in the 2004 film Ladies in Lavender?,Dame Maggie Smith,"dame margaret natalie smith cross|maggy smith|margaret natalie smith cross|dame smith|dame maggy smith|dame m n smith|dame margaret natalie smith|margaret natalie smith cross dbe|dame maggie smith|dame margaret smith|maggie smith|dame margaret natalie smith cross dbe|Dame Margaret Natalie Smith Cross, DBE|Margaret Natalie Smith Cross, DBE|Dame M. N. Smith"
"In 1657, who turned down the opportunity to become King of England?",Cromwell,"oliver cromwell lord protector|cultural depictions of oliver cromwell|o cromwell|cromwell s|noll cromwell|oliver cromwell s|oliver cromwell person|old noll|copper nose|cromwell oliver lord protector|lord protector oliver cromwell|cromwell|oliver cromwell|cromwell oliver|cromwellian|Cromwell, Oliver|Oliver Cromwell (person)|Oliver Cromwell (Lord Protector)|Cromwell's|Oliver Cromwell's|Cromwell, Oliver (Lord Protector)"
What is either a type of wood or an African-American magazine?,St Helena Ebony,diospyros hebecarpa|diospyros glaberrima|ebony|st helena ebony|madagascar ebony
Name the last US president to meet the leader of Cuba before Barack Obama did in 2015?,Eisenhower Dwight,dwight eisenhauer|dwight eisenhower|dwight eisienhower|dwight d eisenhower|general dwight david eisenhower|general eisenhower|eisenhower dwight|d eisenhower|eisenhower|david d eisenhower|d d eisenhower|34th president of united states|general of army dwight eisenhower|dwight e eisenhower|dweight eisenhower|ike nickname|dwight eisenhour|dwight david eisenhower|health issues of dwight d eisenhower|david jacob eisenhower|david dwight eisenhower|eisehower|eishenhower|ike eisenhower|dynamic conservatism|general dwight eisenhower|president dwight d eisenhower|president dwight eisenhower|president eisenhower|Health issues of Dwight D. Eisenhower|D. D. Eisenhower|34th President of the United States|President Dwight D. Eisenhower|Ike (nickname)|Dwight D. Eisenhower|D. Eisenhower|David D. Eisenhower|General of the Army Dwight Eisenhower
Who did Princess Anne marry in 1992?,Sir Timothy Laurence,sir timothy laurence|timothy laurence|tim laurence
What was the Paramount Film Company originally called?,Raleigh Studios,famous players film company|raleigh studios|famous players|celebrated players film corporation|The Famous Players
Which British monarch was nicknamed ‘The Sailor King’?,William IV (disambiguation),william iv disambiguation|william iv|william 4|wilhelm iv|William IV (disambiguation)
What nationality was 19th Century author Hans Christian Anderson?,Danish,danish disambiguation|danish|Danish (disambiguation)
"Held at Max Yasgurs 600 acre dairy farm, what event, which opened on Aug 15, 1969, was billed as An Aquarian Exposition: 3 Days of Peace & Music?",Woodstock Music and Art Fair,woodstock music festival|woodstock movie|woodstock music and art fair|woodstock 1969|woodstock art festival|woodstock music and arts fair|woodstock music art fair|woodstock|aquarian exposition|woodstock music and art festival|woodstock festival|Woodstock (music festival)|An Aquarian Exposition|Woodstock Music & Art Fair|The Woodstock|Woodstock (festival)
Two counties in the Irish province of Munster begin with the letter C. One is Cork. Name the other.,CLARE,clare at water tower|clare water tower|clare|The Clare|The Clare at Water Tower|The Clare @ Water Tower
What is the largest natural lake in Wales,Lake Bala,bala lake|llyn tegid|lake bala
The A23 road connects London to which coastal resort in East Sussex?,Brighthelmstone,"brighthelmstone|brighton borough council|county borough of brighton|brighton music|brighton uk|brighton england|brighton|un locode gbbsh|brighton east sussex|brighton sussex|brighton ferry|mayor of brighton|UN/LOCODE:GBBSH|Brighton, UK|Brighton, Sussex|Brighton, East Sussex|Brighton, England"
"""From which Bob Dylan song does the following come: """"Now you don't talk so loud, now you don't seem so proud about havin' to be scrounging for your next meal""""?""",Like a rolling stone,like rolling stone rolling stones song|like rolling stone|Like a rolling stone|'LIKE A ROLLING STONE'|Like a Rolling Stone (The Rolling Stones song)
Which fruit can go in the middle of the word aped to make a new word?,Pear (fruit),🍐|culture of pear|pyrus|pearwood|pear tree|pear juice|pear|pear fruit|Pear (fruit)
Which sought-after item was situated in the kingdom of Colchis?,Golden Fleece (disambiguation),golden fleece|golden fleece disambiguation|Golden Fleece (disambiguation)|The Golden Fleece
Where exactly is the tallest habitable building located in the UK? It is 50 stories high with a height of 235 metres (771 feet) and was completed in 1991?,"Canary Wharf, London","canary wharf|canary wharf london|canary warf|Canary Wharf, London"
"Used in cooking, agar-agar is a gelatin made from what?",Macroalgal,marine algae|sea weeds|seaweed|seaweeds|macroalgae|macroalgal|sea weed
Who was named the best player at Euro 2012 by UEFA ?,Andrés Iniesta Luján,andres iniesta lujan|andrés iniesta luján|andrés iniesta lujan|andrés iniesta|andres iniesta|(Andres) INIESTA
Which company was built into a world-wide organisation by Ray Kroc?,Mackey D's,mcdonalds com|mchappy day|mckinley mac|der schotte|mcdonald s|mcd s|mcdonald s restaraunt|mcdonalds corporation|micky ds|mcdonald s hamburgers|mddonalds|list of assets owned by mcdonald s|global impact of mcdonald s|salads plus|maccas|macky d|macdonalds|criticism of mcdonald s|yum chums|mcdonalds s|mcdonald s drive in|micky d s|we love to see you smile|mcdonald s corp|macky d s|aboutmcdonalds com|mcdonalds|mcdonald s restaurant|mcd|mackey d s|macdonald s|mcdonalds restaurants|mc donalds|mcdonalds corp|macdoh|hankook mcdonald s|macca s|mickey d s|mickey d|mcdonald s archive 1|criticisms of mcdonald s|speedee|mac donalds|mankdonalds|mcdonald s singapore|qscv|placcy d s|mcdankee s|mcdonals|mcdo|mcmichigan com|mcdonald s corporation|maccy d s|mcdonald s restaurants|double beef and bacon|mc donald s|Mackey D's|McD's|McDonald’s|Mc Donald's|McDonald's Hamburgers|Mcdonald's Corp.|Mickey-D's|McDonald's restaurants|McDonalds's|McDonald's/Archive 1|Criticism of McDonald's|The McDonald's Corporation|MacDonald's|McDonald's|Aboutmcdonalds.com|McDankee's|List of assets owned by McDonald's|McDonald's Restaurant|McDonald's Corporation|McDonald's Restaraunt|McDonald's Singapore|Global impact of McDonald's|McDonalds.com|Placcy D's|Hankook McDonald's|McDonald's Corp|McDonald’s Corporation|Placcy-D's|Macca's|McDonald's Drive-In|Macky d's|Mc.donalds|Maccy d's|Criticisms of McDonald's|Micky D's|Mackey-D's|McDonald/'s Corporation|Mickey D's|Mcmichigan.com
"Perhaps foreshadowing recent events in Ukraine, over what region of the Southern Caucasus did Russia and Georgia go to war in 2008?",Tskhinvali region,republic of south ossetia|economy of south ossetia|protestantism in south ossetia|respublikæ xussar iryston|s ossetia|geography of south ossetia|languages of south ossetia|protestants in south ossetia|culture of south ossetia|list of islands of south ossetia|south osettia|communications in south ossetia|south osetia|south ossettia|iryston xussar respublika|demographics of south ossetia|history of south ossetia|south ossetian|tskhinvali region|south ossetia|ethnic groups in south ossetia|respublika yuzhnaya osetiya|list of universities in south ossetia|south ossetian republic|south ossetia region of georgia|climate of south ossetia|xussar iryston|samkhreti oseti|politics of south ossetia|S. Ossetia|Iryston (Xussar Respublika)|South Ossetia (Region of Georgia)
Which country was the birthplace of Henry V111’s first wife Catherine Of Aragon ?,Islands of Spain,el reino de españa|iso 3166 1 es|kingdom of spains|reino de espana|regne d espanha|espagna|mountains of spain|kingdom of spain|name of spain|etymology of spain|regne d espanya|spanish kingdom|espainiako erresuma|reino de españa|espanya|espańa|spanish society|islands of spain|spain|spane|espainia|españa|espana|el reino de espana|Kingdom of the Spains|The Spanish Society|Regne d'Espanya|The kingdom of Spain|Regne d'Espanha|ISO 3166-1:ES
What type of animal was Bambi's friend Flower?,Wood pussy,mephitinae|skunk spray|mephitidae|wood pussy|skunk|chingue|skunks|a Skunk
"In Only Fools And Horses, Rodney Trotter shares his middle name with which London football club?",Charlton (disambiguation),charlton|charlton disambiguation|Charlton (disambiguation)
Who played the role of George Carter in The Sweeney?,Dennis Waterman,denis waterman|dennis waterman
"Which Frenchman, a football administrator and head of FIFA from 1921 to1954 is regarded as the founder of the football World Cup?",Jules Rimet,jules rimet
"Because he held the earth on his shoulders, for what Greek figure did Gerardus Mercator name his book of maps?",Atlases,atlas book|atlases|atlas geography|atlas cartography|atlas|Atlas (cartography)|Atlas (geography)|The Atlases|Atlas (book)|Atlas the book
Which sauce made from ham drippings and coffee and seen in the cuisine of the Southern United States gets its name from its appearance like that of a certain body organ?,Redeye gravy,redeye gravy|red eye gravy|Red-eye gravy
In which part of the human body can you find the Malleus or Hammer bone ?,THE EAR,ucho|ucho film|ear|THE EAR|Ucho (film)
Who was the Georgia Peach?,"Cobb, Ty","tyrus raymond cobb|cobb ty|ty cobb|tyrus cobb|georgia peach|Cobb, Ty|The Georgia Peach"
Matt Busby played for Manchester City from 1928 to 1936. Which club did he play for from 1936 to 1941?,Liverpudlian,"liverpool england|liverpool britain|liverpool borough|county borough of liverpool|liverpool|liverpool uk|liverpool u k|liverpool archive 1|scouseland|liverpool merseyside|liverpudlians|metropolitan borough of liverpool|l pool|lerpwl|landmarks in liverpool|liverpudlian|weather in liverpool|Liverpool, UK|Liverpool (borough)|Liverpool, Britain|The weather in Liverpool|Liverpool (England)|Liverpool/Archive 1|Liverpool, Merseyside|Liverpool, England|L'POOL|Liverpool, U.K."
"What 1989 best picture Oscar winning movie, based on a play by Alfred Uhry, and co-starring Morgan Freeman, gave Jessica Tandy, at age 80, the award for Best Actress, the oldest winner in history?",Miss Daisy,driving ms daisy|miss daisy|driving miss daisy film|driving miss daisy|Driving Ms. Daisy|Driving Miss Daisy (film)
"""Which boxer famously said,"""" If I can't beat this bum take my name off the record books?""""""",Rocco Marchegiano,"rocco francis marchegiano|rocky marciano|brockton bomber|marciano rocky|brockton blockbuster|rocco marchegiano|The Brockton Blockbuster|Marciano, Rocky|The Brockton Bomber"
Which ‘P’ describes the chasing pack in a cycling race?,Pelaton,pelaton|mass sprint|peleton|peloton
On which British holiday did the 2004 tsunami occur?,Second Christmas Day,boxing day|second day of christmas|second christmas day|annandagen|day after christmas|box day|day of goodwill|christmas box|day of good will|Boxing-day
The 2014 'Bendgate' controversy/publicity concerned version 6 of which famous product?,Bendgate,apple iphone 6|iphone 6|bend gate|bendgate|iphone6|i phone 6 plus|iphone 6 plus|IPhone 6+|Bend-gate
What is the 3rd largest car rental company in the United States?,The alamo,"gonzales company of mounted volunteers|battle of alamo|gonzales ranging company|gonzales ranging company of mounted volunteers|gonzales mounted rangers|alamo battle|immortal 32|battle of el alamo|alamo|remember alamo|fall of alamo|The alamo|Remember the alamo|Battle of the alamo|Remember the alamo!|Alamo, the|Fall of the Alamo|The battle of the alamo|Battle of the Alamo, The|Alamo, Battle"
Who was the first African American holder of the world heavyweight boxing title?,Jack Johnson,"johnson jack|jack johnson|jack johnson disambiguation|jack johnson american football|jack johnson footballer|Jack Johnson (disambiguation)|Jack Johnson (footballer)|Jack Johnson (American football)|Johnson, Jack"
"From which country do French fries originate? France, Belgium or Switzerland?",ISO 3166-1:CH,der schweiz|switzeland|confederation helvetia|confederatio helvetica|swissland|switzerland information|confederation suisse|switserland|confédération suisse|swizterland|confederation of helvatia|swizerland|svizzera|confederation helvetica|land of switzers|suiza|confederaziun svizra|schweiz|etymology of switzerland|die schweiz|suisse|confederazione svizzera|swiss|svizra|switzerland|schweitz|swiss confederation|switz|svissland|schwitzerland|environmental integrity group|land of swiss|schweizerische eidgenossenschaft|swissenergy|confœderatio helvetica|confoederatio helvetica|switzer land|švýcarsko|swiss confederated states|iso 3166 1 ch|ISO 3166-1:CH|Land of the Switzers|Land of the Swiss
"""What Latin expression means """"Seize the Day""""?""",Carpe diem quam minimum credula postero,carpe diem|carpe diem quam minimum credula postero|sieze moment|seize moment|catch day|Catch the day|Seize the moment|Sieze the moment
"Which film about a submarine had as one of its stars Denzil Washington, whose character had violent disagreements with his Captain played by Gene Hackman?",'CRIMSON TIDE',crimson tide|crimson tide disambiguation|'CRIMSON TIDE'|The Crimson Tide|Crimson Tide (disambiguation)
Which was the first commercial jet airliner to go into service in the UK?,Cometary nuclei,coma astronomy|dirty snowball|coma comet|dark comet|jupiter family comet|comet|plasma tail|halley type comet|☄|dirty snowball theory|comet tails|dirty snowball hypothesis|dirty snowball model|a1 comet|long period comet|black comets|short period comet|disconnection event|short period comets|comets|cometary|jupiter family|cometary nuclei|commet|tail comet|Tail (comet)|Short-period comet|Halley-type comet|Long-period comet|Jupiter-family comet|Coma (astronomy)|Coma (comet)
"Who was the leader of the gang whose members included Benny the Ball ,Brain and Choo Choo?",Brain (Top Cat character,top cat|boss cat|brain top cat character|Brain (Top Cat character|Top Cat.
‘Hampsteads’ is Cockney rhyming slang for what?,Tooth root,tooth serrations|apex radicis dentis|tooth|tooth root|maxillary teeth|pegged teeth|tooth animal|teeth|Tooth (animal)
What was the scene of the final defeat of the Jacobites under Charles Edward by forces under the command of the Duke of Cumberland on 16 April 1746?,Culloden,culloden|culloden disambiguation|Culloden (disambiguation)
"Ushuaia, which is now generally accepted as the southernmost city in the world, is in which country?",Arxintina,arxentina|argentina information|argentinie|nacion argentina|argentyna|people of argintina|argjentina|republica argentina|antonia merce y luque|argentína|arc hantina|ariannin|argies|argentinean|airgintín|argentīna|iso 3166 1 ar|arjantin|república argentina|argentinien|արգենտինա|airgintin|nación argentina|argentinia|argentina|arxintina|アルゼンチン|republic of argentina|argentina republic|אַרגענטינע|argintina|अर्जेन्टीना|argentine republic|argentiina|آرژانتین|аргентына|arghantina|argie|аржентина|argentinië|ארגנטינה|الأرجنتين|land of silver|The Argentine Republic|Arc'hantina|ISO 3166-1:AR
What English expression for a long complex procedure derived from a old legal document called a ragman roll?,Rigmarole,rigmarole|rigamarole
Beloved in 1999 was whose first movie since The Color Purple in 1985?,Oprah,"oprah gail winfrey|vernon winfrey|winfrey oprah gail|oprah winfre|patricia lee lloyd|oprahism|oprah s angels|opera winfrey|orpah winfrey|oprah winfry|oprah|oprah s last chapter|oprah winfrey|ophra|harpo radio inc|harpo winfrey|harpo inc|oprah winfery|oprah g winfrey|Winfrey, Oprah Gail|Oprah!|Harpo Radio, Inc.|Patricia Lee-Lloyd|Oprah's Last Chapter|Oprah's Angels|Oprah G. Winfrey|Harpo Inc."
What was the name of Butch Cassidy's gang,Hole in the Wall gang,hole in wall gang|Hole in the Wall gang|The Hole-in-the-Wall Gang|The Hole in the Wall Gang
What type of camel has two humps?,Bactrian,bactrian|bactrian disambiguation|Bactrian (disambiguation)
What word is used to mean the dead skin at the base of a fingernail?,Cuticles,cuticula|cuticular|cuticles|cuticle|waxy cuticle
What does an octopus spray when threatened?,Ink,printing ink|inks|indelible ink|ink|inky liquid|Inky (liquid)
"The English towns of Abingdon, Wallingford and Marlow lie on which river?",Theems,temz river|river thames|themsen|old father thames|thames river|isis river england|thames|thames basin|tamigi|tamisa|tamiza|river temz|thames river england|temza|history of thames water|theems|themse|temze|tems river|thames crossing|tamesa|river tems|The Thames|The Thames River|The River Thames|The Thames (river)|Isis River (England)|Thames (river)|Thames River (England)
What song was a hit for Tom Jones and Cerys Matthews in 1999?,It's Cold Outside,"it s cold outside|baby it s cold outside song|baby its cold outside|baby it s cold outside|It's Cold Outside|Baby, It's Cold Outside (song)|Baby, It's Cold Outside|Baby it's cold outside"
What lake can be found on the border of Vermont and New York?,Champlain Lake,"lake champlain|champlain lake|lake champlain islands vermont|lake champlain islans vermont|lake champlaign|Lake Champlain Islands, Vermont|Lake Champlain Islans, Vermont"
"What spirit, in Ireland and Scotland, makes noises near a house when someone is about to die?",Bean sidhe,bán síde|bansidhe|benshee|bean shìth|bean shìdh|banshees|banshee|ben síde|bean shith|ban sìth|bean sídhe|ban side|ben side|bean shidh|bahr geist|bean sidhe|ban sith|bean sith|ben shee|beah shith|bean síth|Ban-sith|Bean-shidh|The banshee|Bean-sídhe|Bean-shìdh|Ban-sìth
"Frenchman Maurice André, who attributed his stamina and breath control to his teenage years as a coal miner, was a famous virtuoso player of what instrument?",Trumpet.,trumpeters|soprano bugle|🎺|trumpet bach|jazz trumpeter|super c trumpet|trumpeter|alto trumpet|trompete|lead trumpet|trumpet player|herald trumpet|trumpets|tromba|trumpet|Trumpet.|Trumpet (Bach)
Complete this boxing phrase 'The Thriller in'?,"Manila, Phillipine Islands","manila poblacion|manila phillipines|ciudad de manila|philippine capital|poblasyon ng maynila|manila philippine islands|un locode phmnl|manilan|downtown manila|manileño|capital of philippines|capital city of philippines|manilla philippines|6 resurrection 08 09|manila phillipine islands|queen of orient|maynila|city of our affections|maynilad|divisoria|city of manila|manila health department|manila|distinguished and ever loyal city|manila yacht club|manila phillippines|manila metro manila|manila city|manila philippines|asia manila|Manila, Phillipine Islands|Manila, Philippine Islands|Manila, Metro Manila|UN/LOCODE:PHMNL|Queen of the Orient|Manila, Phillipines|Manila, Phillippines|Manila (City)|Manila, Philippines|Manilla, Philippines|The City of Our Affections|6-resurrection (08-09)|Asia/Manila"
What drinking vessel supposedly confers eternal life on those who drink from it?,Sangrael,grail myth|quest for holy grail|holy graal|holy glair|queste du graal|sangraal|grail mythos|grail|grail quest|quest of holy grail|sangrail|san greal|sangrael|holy grail quest|grail legend|sangreal|holy grail|The Holy Glair|Quest for the Holy Grail|The Holy Grail|The Quest of the Holy Grail
"April 5, 1614 saw early American settler and tobacco exporter John Rolfe marry who?",Pocahontas (Pocahontas),pocahontas|pocohantas|amonute|princess matoika|rebecca rolfe|princess matoaka|pocahontes|pocahantas|pocahauntus|pochahantas|pokahontas|pocohantus|matoaka|pocohontas|pochahontas|mrs john rolfe|pocahontas rolfe|pocahantos|matowaka|matoika|pocahontas pocahontas|matoaka pocahontas|Pocahontas (Pocahontas)
What is the fin called underneath the rear of a surfboard?,Skeg (surfing),skeg surfing|bug shoe|skeg|Skeg (surfing)
"""After stints backing Little Richard and the Isley Brothers, who was discovered leading """"Jimmy James and the Blue Flames"""" at the Caf Wha? in New York and taken to London on 26 September 1966 to make hit records?""",Hendrix,johnny allen hendrix|jimmy hendrix|jim hendrix|jimi hendrix|jimy hendrix|hendrix|jimmy hendricks|early life of jimi hendrix|electric church|gypsy suns and rainbows|heaven research|villanova junction|james hendrix|al hendrix|james marshall hendrix|gypsy sun and rainbows|lithofayne pridgeon|janie hendrix|jimmi hendrix
Which country is known to its people as Suomen Tasavalta?,FinlanD,etymology of finland|finn land|suomen tasavalta|republiken finland|iso 3166 1 fi|finlande|fin land|finnland|republic of finland|finland|finland during world war ii|finland s|northern finland|name of finland|Finland's|ISO 3166-1:FI
In which year did St George die?,three hundred and three,303|three hundred and three
Who allegedly solved the riddle of the Gordian knot simply by slicing it with his sword?,Μέγας Ἀλέξανδρος,great alexander|alexander iii of macedon|μέγας ἀλέξανδρος|sikandar mahan|letter to darius ii|letter to darius iii|alexandrian empire|alexander great|aleksander great|sikunder|iskandar zulkarnain|aleksandar ī hrōmāyīg|alexander magnus|alexandrian era|aléxandros ho mégas|alexnader great|alexander of macedonia|alex great|alexanderthegreat|iskander accursed|αλέξανδρος ο μέγας|megas aleksandros|alexander graet|alexandros iii of macedon|ἀλέξανδρος ὁ μέγας|alexandros great|sikandar e azam|alexandrian period|alexander macedonian|Iskander the Accursed|Alexander the Great|Alexnader the great|Alexandros the Great|Aleksander the Great|Alexander the graet|Alex the great|Alexander the Macedonian|Sikandar-e-Azam|Alexander-the-great
Nick Begs was lead singer with which 80’s pop band?,Kaja Googoo,kajagoogoo|kaja googoo
As at 2012 Goulburn Correctional Centre is considered the highest security prison of which country?,Australia (Commonwealth realm),australie|orstraya|federal australia|australias|empire of australia|modern australia|asutralia|iso 3166 1 au|australien|australia country|australia federation|austraila|country life in australia|philosophy in australia|australlia|continental australia|pax australiana|austrlaia|australia dominion|australian woman s day|australia monarchy|australia|australian country life|united states of australia|mainland australia|australia commonwealth|austalia|australija|australocentric|peace of australia|australia realm|ostralia|australocentrist|australian geopolitics|australia nation|australia commonwealth realm|australian|australian city life|australia empire|austraya|australiia|geopolitics of australia|australo|technology in australia|ausrtalia|australai|australia nation state|science in australia|dominion of australia|commonwealth of australia|australia state|aussieland|australian mainland|australian s|imperial australia|austrailia|city life in australia|austrlia|commonwealth australia|straya|australocentrism|australia s|australia constitutional monarchy|etymology of australia|australian commonwealth|new australian|Australia (Commonwealth realm)|Australia (commonwealth)|Australia (nation)|Australia (dominion)|Australia (federation)|Australia (country)|Australia (nation state)|Australia (nation-state)|Australia's|Australian Woman's Day|Australia (realm)|Australia (constitutional monarchy)|Australia (monarchy)|Australia (empire)|The Commonwealth of Australia|Australia.|Australia (state)|ISO 3166-1:AU|Australo-|Australian's
What is the name of Tokyo's seaport ?,横浜,"tsurumi ku kanagawa|yokohama japan|history of yokohama|橫濱|神奈川県横浜市|yokohama city|横浜市|yokohama bay|yokohama kanagawa|横浜|yokohama|history of yokohama japan|yokohama shi|Yokohama, Japan|History of Yokohama, Japan|Yokohama, Kanagawa|Tsurumi-ku, Kanagawa|Yokohama-shi"
"Located in North Carolina, which is both the highest mountain in the Appalachians and the highest mountain east of the Mississippi?",Mount Mitchell,"mt mitchell|mount mitchell north carolina|mount mitchell|Mount Mitchell, North Carolina|Mount Mitchell (North Carolina)|Mt. Mitchell"
"What speaker component is used to produce the highest audio frequencies, usually between 2,000HZ and 20,000HZ?",Piezo tweeter,tweeter|tweeters|piezo tweeter|piezoelectric speakers
Who on TV is the Naked Chef,Jools oliver,"juliette norton|naked chef|james trevor oliver|james oliver chef|james trevor jamie oliver|james trevor oliver mbe|jamie oliver|james trevor jamie oliver mbe|jools oliver|James Trevor 'Jamie' Oliver, MBE|James Trevor 'Jamie' Oliver|James Oliver (chef)|James Trevor Oliver, MBE"
What name was given to the floating harbours used on D-Day?,Mulberry tea,moriculture|mulberries|morus plant|mullberry|mulberry trees|mulberry tea|mulbery|mulberry|mulberry tree|Morus (plant)
Las Vegas is situated in which US State?,Silver State,"silver state|transport in nevada|sports in nevada|transportation in nevada|36th state|tikaboo valley|state of nevada|battle born state|demographics of nevada|sagebrush state|nevada state|nevada u s state|politics of nevada|thirty sixth state|nevada united states|economy of nevada|nevadan|nevada|nev|education in nevada|nevadian|nevada annulment|geography of nevada|religion in nevada|nevada s southern boundary 1861 1867|nv state|us nv|nevada usa|climate of nevada|navada|Nevada, United States|US-NV|Nevada's Southern Boundary 1861-1867|The Sagebrush State|NV (state)|The Battle Born State|Thirty-Sixth State|Nev.|Nevada, USA|Nevada (U.S. state)|The Silver State|Nevada (state)"
"What is the name of the system of stellar designation in which a specific star is identified by a Greek letter (then Latin letters in lower-case then upper-case), followed by the genitive form of its parent constellation's Latin name (e.g. Tauri)?",Bayer's Name,bayer s name|bayer classification|bayer letter|bayer letters|bayer designations|bayer designation|Bayer's Name
David Tyler is the current chairman of which leading supermarket chain?,Sainsburys.com,j sainsbury s|j sainsbury|sl shaw|sainsbury s supermarkets|sainsbury j plc|sainsbury s energy|sainsbury s basics|j sainsbury plc|beaumonts|sainsbury s calais|sainsbury s|by sainsbury s|sl shaw ltd|sainsburys|jb beaumont|sansburys|sainsburys com|sainsbury s entertainment|sainsbury j|Sainsburys.com|Sainsbury (J)|Sainsbury (J) plc|SAINSBURY'S|By Sainsbury's|Sainsbury's Energy|Sainsbury's Basics|Sainsbury's Calais|Sainsbury’s|Sainsbury's Supermarkets|J. Sainsbury plc|J Sainsbury's|Sainsbury's Entertainment|J. Sainsbury
"Although he never won an Oscar for best director, one of Hitchcock's films did win an Oscar for best picture. What was the film?",Rifkah,rifkoh|rebeccah|rivka|rifko|ribhqah|rebekah|rifkah|rebbecca|rivqa|rivqah|rivko|rebecca|rivkoh|rifka
Who had a 60s No 1 with Downtown?,Petula Clark,petula clarke|petula sally olwen clark|pet clark|petula clark
Jimi Hendrix presented the broken parts of the guitar that he destroyed on-stage at the 1968 Miami Pop Festival to whom? Not sure if the recipient named it Moon Unit.,Frank zappa,"frank zappa and mothers|francesco zapato|zappa|frank zappa mothers of invention|zappa references|zappa frank vincent|vaulternative records|frank zappa|francis vincent jr zappa|zappa frank|zappadan|frank vincent zappa|Francis Vincent Jr. Zappa|Frank Zappa and the Mothers|Frank Zappa & the Mothers of Invention|Zappa, Frank|Zappa:References|Zappa, Frank Vincent"
"""From which Beatles song do the following lyrics come, """"Nothing's going to change my world""""?""",Across The Universe,across universe world wildlife fund version|across universe|across universe song|jai guru deva om|Across The Universe|Across the Universe (World Wildlife Fund version)|Across the universe (song)|'ACROSS THE UNIVERSE'
Which “Thom” is Radiohead’s lead singer and principal songwriter?,Youwouldn’tlikemewhenI’mangry,"tom yorke radiohead|yorke radiohead|thom york musician|tom yorke musician|yorke thom radiohead|york radiohead|2 minute silence|tom york musician|thomas edward yorke|tchock|youwouldn tlikemewheni mangry|yorke tom radiohead|white chocolate farm|york tom radiohead|thom york radiohead|dr tchock|yorke thom|york thom radiohead|thom yorke|thom york|yorke tom|thom yorke radiohead|thom yorke musician|tom yorke|tom york radiohead|thom e yorke|york thom|Youwouldn’tlikemewhenI’mangry|Tom York (Radiohead)|Yorke, Tom (Radiohead)|Dr. Tchock|Yorke, Thom (Radiohead)|Thom York (musician)|Thom Yorke (Radiohead)|Thom Yorke (musician)|Thom E. Yorke|York, Tom (Radiohead)|Yorke, Tom|Yorke, Thom|York, Thom|Thom York (Radiohead)|Tom York (musician)|The White Chocolate Farm|Tom Yorke (musician)|York, Thom (Radiohead)|Tom Yorke (Radiohead)|York (Radiohead)|Yorke (Radiohead)"
Which former British PM was christened “Grocer” by Private Eye?,Sir Edward Heath,edward heath|shadow cabinet of edward heath 1974–1975|shadow cabinet of edward heath ii|edward r g heath|ted heath|edward richard george heath|sir edward heath|Shadow Cabinet of Edward Heath (1974–1975)|Edward R. G. Heath
In which sport would you see someone slam-dunking the ball?,Basketball,men s basketball|baksetball|baketball|boy s basketball|basketball club|high school basketball|rim basketball|basketball team|bball|unicycle basketball|basketball worldwide|shoot hoops|b ball|basketball|basketball net|women s hoops|basketball gear|basketballer|basket ball|basketball rim|🏀|basketball parity worldwide|basketball player|Boy's Basketball|Men's Basketball|B-ball|Basket-ball|Rim (basketball)|Women's hoops
"In Greek mythology, who was the mother of Perseus visited by Zeus disguised as a shower of gold?",Danaë,denae|danae|acrisioneis|danaë
Captain Corelli's mandolin is a book a film set in which country,Yunanistan,elliniki dimokratía|macedonian greece|ellada|grèce|elliniki dimokratia|yananistan|grece|yunanistan|history of north greece|grcka|hellas|greece|republic of greece|graecia|hellada|grcija|hellás|temporary government of national defence|ελλάδα|république hellénique|ellīnikī́ dīmokratía|iso 3166 1 gr|social issues in greece|political history of greece|eládha|greek republic|griekenland|ελλάς|ελληνική δημοκρατία|elás|greek law hellenic republic|elláda|hellenic republic|republique hellenique|eladha|ελλας|griechenland|picki u dusa|grecce|The Hellenic Republic|ISO 3166-1:GR|Greek law (Hellenic Republic)
"""The American film made at the very start of the sound film era, """"All Quiet on the Western Front"""" (1930), on the grimness of warfare in WWI was banned in Germany (after a brief run in 1930) not unexpectedly, but also where?""",Australia (Commonwealth realm),australie|orstraya|federal australia|australias|empire of australia|modern australia|asutralia|iso 3166 1 au|australien|australia country|australia federation|austraila|country life in australia|philosophy in australia|australlia|continental australia|pax australiana|austrlaia|australia dominion|australian woman s day|australia monarchy|australia|australian country life|united states of australia|mainland australia|australia commonwealth|austalia|australija|australocentric|peace of australia|australia realm|ostralia|australocentrist|australian geopolitics|australia nation|australia commonwealth realm|australian|australian city life|australia empire|austraya|australiia|geopolitics of australia|australo|technology in australia|ausrtalia|australai|australia nation state|science in australia|dominion of australia|commonwealth of australia|australia state|aussieland|australian mainland|australian s|imperial australia|austrailia|city life in australia|austrlia|commonwealth australia|straya|australocentrism|australia s|australia constitutional monarchy|etymology of australia|australian commonwealth|new australian|Australia (Commonwealth realm)|Australia (commonwealth)|Australia (nation)|Australia (dominion)|Australia (federation)|Australia (country)|Australia (nation state)|Australia (nation-state)|Australia's|Australian Woman's Day|Australia (realm)|Australia (constitutional monarchy)|Australia (monarchy)|Australia (empire)|The Commonwealth of Australia|Australia.|Australia (state)|ISO 3166-1:AU|Australo-|Australian's
Which is the largest cat in the world?,Manchurian Tiger,panthera tigris altaica|manchurian tiger|northeast china tiger|amur tiger|siberian tigers|amur tigers|korean tiger|north china tiger|ussurian tiger|ussuri tiger|siberian tiger|The Siberian Tiger
"Which French winner of the Nobel Prize for Literature, famously dedicated it to his primary school teacher?",The Blood of the Hungarians,"blood of hungarians|alber camee|albert camee|albert camus absurd hero|albert camus absurd|albert camus|alber cammi|albert cammy|camusian|blood of hungarians by albert camus|albert cami|absurd hero|albert cammi|camus albert|alber cammy|alber cami|The Blood of the Hungarians|Albert Camus: The Absurd Hero|Blood of the Hungarians by Albert Camus|Albert Camus/the Absurd|Camus, albert"
"""What is the longest running emergency medical drama series in the world, and the second-longest-running medical drama in the world behind America's """"General Hospital""""?""",Casualty (disambiguation),casualty disambiguation|casualty|Casualty (disambiguation)
Clement (Clym) Yeobright is a leading character in which novel?,Return of the native,return of native novel|diggory venn|return of native|eustacia vye|thomasin yeobright|Return of the native|Return of the Native (novel)|The return of the native
A member of which profession would reside in a manse,Clergyman,"lead religious assembly|clergy man|history of priesthood|priest hoods|clerically|clergially|spiritual leader|clergial|eccleasiastic|churchmen|person ecclesiastical|clergywomen|clergy men|estate of swedish clergy|fmr father|clerics|preferment church|church man|clergymen|church men|religious leader|cleric|ecclesiast|ecclesiastical person|priest hood|regular clergy|clergyman|clergically|clergical|clergy|clergies|religieux|priesthoods|Lead a religious assembly|History of the Priesthood|The clergy|Person, Ecclesiastical|Preferment (Church)|(Fmr.) Father"
With what country did the United States re-establish diplomatic relations in 2015?,Republic of Cuba,cuba|people s republic of cuba|administrative divisions of cuba|cuban news agency|iso 3166 1 cu|etymology of cuba|isla juana|communist cuba|second republic of cuba|republic of cuba|república de cuba|cuba island|republica de cuba|prehistory of cuba|red cuba|name of cuba|subdivisions of cuba|People's Republic of Cuba|The Republic of Cuba|ISO 3166-1:CU|Cuba (island)
'Spring' and 'Rhenish' are the popular names given to symphonies by which composer?,"Schumann, Robert Alexander","ballets to music of robert schumann|robert alexander schumann|schumann robert alexander|robert schumann|Schumann, Robert Alexander|Ballets to the music of Robert Schumann"
"In which arcade game, would you find ghosts called Inky, Pinky, Blinky and Clyde?",Pakman,"pac man magnetic maze|google pacman|blinky pinky inky clyde|split screen level|google pac man|pac man|pac man ghosts|pakman|aosuke|puckman|akabei|clyde ghost|pinky ghost|macman kid|pac dots|pac mn|pacman|clyde monster|パックマン|puc man|blinky ghost|blinky monster|pac man card game|puck man|pac man film|inky ghost|paku paku|cdman|guzuta|pac man board game|pakkuman|Pac-man|Pac-mn|Blinky, Pinky, Inky, Clyde|Pac-Man (card game)|Puck-Man|Google Pac-Man|Puc-Man|Clyde (monster)|Pac-Man (film)|Inky (ghost)|Pac-man (board game)|Blinky (ghost)|Pac-man ghosts|Split-Screen Level|Clyde (ghost)|Blinky (monster)|Pinky (ghost)"
The most southerly part of mainland Australia is in which state?,CIVI-TV,22a 22 victoria|civi dt|ctv vancouver island|civi tv|civi dt 2|channel victoria|new vi|ctv two vancouver island|vancouver island|civi|22a 22 vancouver island|22a 22 vancouver|channel vancouver island|victoria|vancouver|ctv two victoria|CIVI-TV|A Victoria|A-Channel Vancouver Island|A-Victoria|A-Channel Victoria|CIVI-DT-2|A Vancouver Island|'A' Vancouver|%22A%22 Vancouver|%22A%22 Vancouver Island|'A' Vancouver Island|CIVI-DT|The New VI|'A' Victoria|%22A%22 Victoria
"What seven letter word, beginning with the letters 'Ra' is a palindrome?",Racing cars,race driver|autorace|automobile racing|automobile race|race car driver|autosports|racecar driver|autoracing|auto racing|racecars|race cars|racing car|automobile racer|auto race|car racing|racing driver|🏎|car race|race car|racing cars|racecar|automotive racing|Race-car
Who memorably failed to win the Marathon in the 1954 Commonwealth Games?,Jim Peters,"peters james|jimmy peters|james peters|jim peters hockey|james peters disambiguation|jim peters|Jim Peters (hockey)|James Peters (disambiguation)|Peters, James"
Breugel; Van Dyck and Rubens were all citizens of which country?,Belguim,cockpit of europe|koninkrijk belgie|königreich belgien|belgië|begium|konigreich belgien|belgie|quebec of europe|belgio|iso 3166 1 be|administrative divisions of belgium|belgium facts|koninkrijk belgië|belgique|belgium|beljam|kingdom of belgians|blegium|belguim|belgium belgie|belgian|belgum|beldjike|royaume de belgique|beligum|belgien|people of belgium|kingdom of belgium|koenigreich belgien|beljum|Belgium/Belgie|Kingdom of the Belgians|ISO 3166-1:BE|The Quebec of Europe|Belgium/facts
Which 1968 album released by George Harrison is notable for being the first official solo album by one of The Beatles?,Wonderwall Music,dream scene song|tabla and pakavaj|wonderwall to be here|on bed|red lady too|wonderwall soundtrack|in park song|glass box song|singing om|ski ing|party seacombe|fantasy sequins|in first place|cowboy music song|crying george harrison song|crying wonderwall music song|guru vandana song|greasy legs|microbes song|drilling home|wonderwall music|love scene song|gat kirwani|Love Scene (song)|Dream Scene (song)|Guru Vandana (song)|In the Park (song)|On the Bed|Crying (George Harrison song)|Drilling a Home|Crying (Wonderwall Music song)|Wonderwall (soundtrack)|In the First Place|Glass Box (song)|Cowboy Music (song)|Ski-ing|Microbes (song)
What was Warren Beatty's first movie?,Splendor in the Grass,splendor in grass|Splendor in the Grass
"What company encourages you to ""Think Outside the Bun""?",Taco Bell Corporation,taco bel|taco bell|taco bell corporation|cheesy beefy melt|taco hut|taco bell express|taco bell home originals|taco hell|frutista freeze|tacobellenespanol com|fourthmeal|history of taco bell|toxic hell|crunchwrap supreme|bean burrito especial taco bell|taco bell menu|think outside bun|meximelt|tacobell|taco bell in uk|tacobell com|panadero bread|its all about roosevelts|it s all about roosevelts|warm pillowy flatbread|taco bell india|Its all about the roosevelts|Bean Burrito Especial- Taco Bell|Taco Bell in the UK|Think outside the bun|It's all about the Roosevelts|Tacobellenespanol.com|Tacobell.com
How many avenues radiate from the Arc de Triomphe?,twelve,twelve|12
"The longest running television series ever, November 6, 1947 saw the debut of what now weekly news program, now hosted by David Gregory, following the unfortunante sudden death of host Tim Russert?",Meet the Press with David Gregory,mtp daily|meet press|meet press with tim russert|meet press with david gregory|meet depressed|Meet the Press with David Gregory|Meet the Press with Tim Russert|Meet the Press|Meet the Depressed
"Indians used wampum for money, what was wampum",Beads or shells,beads or shells
"In Jeff Wayne's 'Musical Version of Spartacus' released in 1992, which later Oscar-winning British actress sings the principal female role of Palene?",Catherine ζ-Jones,zeta jones|catherine zeta jones|catherine zeta jones filmography|cat zeta|katherine zeta jones|catherine z jones|catherine zeta|catherine ζ jones|catherian zeta jones|milkwood films|Catherine ζ-Jones|Catherine Zeta-Jones|Zeta-Jones|Katherine Zeta-Jones|Catherine Zeta-Jones filmography|Catherine z-Jones
What celestial object was visited by the New Horizons spacecraft in 2015?,134340 Pluto.,sol j|134340 pluto|pluto debate|1930 bd|plutoing|♇|pluto|astronomy pluto|sun j|asteroid 134340|pluto astronomy|pluto dwarf planet|134340|pluto planetary status controversy|pluto planet day|dwarf planet pluto|physical characteristics of pluto|pluto system|pluto planetoid|134340pluto|pluto planet|pluton planet|134340 pluto dwarf planet|sol 9|planet pluto|classification of pluto|134340 Pluto.|(134340) Pluto|Pluto (Planet)|The Pluto debate|Pluto (astronomy)|Sol-9|134340 Pluto (dwarf planet)|Pluto (dwarf planet)|Pluton (planet)|Pluto (planetoid)
"What 1945 film won best picture, actor, director Oscars?",The Lost Weekend,lost weekend disambiguation|lost weekend|The Lost Weekend|The Lost Weekend (disambiguation)
"With 47 attacks in the year 2010 alone, what body of water is known as Pirate Alley?",Gulf of Aden,"aden gulf of|khalīj adan|pirate alley|gulf of aden|gulf of berbera|خليج عدن|gacanka cadmeed|Aden, Gulf of|Khalīj 'Adan"
What is the state capital of Alabama,Montgomerie,montgomery|montgomery disambiguation|montgomerie|Montgomery (disambiguation)
English sportswoman Charlotte Edwards is associated with which sport?,Cricket games,amature cricket|spirit of cricket|cricketers|scorecard cricket|cricket player|coin toss cricket|cricket|cricket sport|kricket|cricketed|cricketplayer|cricket clubs|amateur cricket|cricketeer|world richest cricketers|criket|cricket as social event|not in spirit of cricket|cricketing|sports cricket|cricket club|cricketer|🏏|wicketkeeping|cricket games|creag|sport cricket|cricket game|toss|cricket team|Coin toss (cricket)|Scorecard (cricket)|Cricket (sport)|The toss|Cricket as a social event|Not in the spirit of cricket|Cricket (game)
Which French racecourse hosts the 'Prix de l'Arc de Triomphe?,Longchamps,longchamps|longchamp disambiguation|longchamp|Longchamp (disambiguation)
Which doctor - an eternal optimist – features in Voltaire’s Candide?,Dr Pangloss,"doctor pangloss|martin candide|candide play|panglossian pessimism|candide protagonist|l optimisme|candide ou l optimisme|candide novel|candide character|candide or optimism|professor pangloss|pan gloss|dr pangloss|pour encourager les autres|candide|cacambo|all is for best in this best of all possible worlds|L'Optimisme|Dr. Pangloss|Candide (character)|Candide, or Optimism|Candide Ou L'Optimisme|Candide (play)|Candide (novel)|Candide, Ou L'Optimisme|Martin (Candide)|All is for the best in this best of all possible worlds|Candide (protagonist)"
Which journalist first told the world about the My Lai massacre?,Seymour Hersch,"dark side of camelot|seymour sy myron hersh|chain of command book|seymour hersch|seymour m hersh|seymour hersh|sy hersh|hersh seymour m|chain of command road from 9 11 to abu ghraib|seymour hirsch|The Dark Side of Camelot|Seymour M. Hersh|Chain of Command: The Road from 9/11 to Abu Ghraib|Hersh, Seymour M.|Chain of Command (book)|Seymour (Sy) Myron Hersh"
What are the last six words of Rudyard Kipling’s ‘If’?,"YOU’LL BE A MAN, MY SON","you ll be man my son|YOU’LL BE A MAN, MY SON"
What was the name of the Liverpool nightclub where the Beatles regularly played?,Cavern club,alan sytner|cavern|cavern club|The Cavern|The Cavern Club
What are the topmost 7 vertebrae of the backbone called?,Cervical,cervical disambiguation|cervical region|cervical|Cervical (disambiguation)
What is the name of the vessel in Paul Gallico's 1969 adventure novel that has been adapted as a film four times?,Earth Shaker,"poiseidon|god of seas|posidon|posedian|enosichthon|posseidon|poseidone|poseidons love for demeter|neptune roman religion and mythology|poseidon sea king|earth shaker|posiden|clieto|aegaeus|greek god of earthquakes|neptune equester|poseidon mythology|posiedon|poseidon facts|poseidon enosichthon|poseidon|mythology neptune|God Of The Seas|Poseidon, The Sea King|Neptune (Roman religion and mythology)|Poseidon (mythology)"
On which coast of South America would you find the country of Venezuela?,Northward,northward|north
What is the more common name for the white crystalline salt called hydrated sodium pyroborate?,Na2b4o7,atcvet code qs01ax07|sodium borate|disodium tetraborate|na2b4o7|sodium boric acid|borax|🝂|🝃|tincal|🝄|sodium tetraborate decahydrate|sodium pyroborate|sodium tetraborate|e285|atc code s01ax07|na2b4o7·10h2o
Which element takes its name from the Persian for 'gold coloured'?,Zirconium salts,element 40|zr|zircronium|zirconium salts|zirconium|zirconium salt
A Varsovian is a native of which capital city,Warwaw,"varsovie|varshava|capital of poland|warszawa poland|warwaw|warschau|city of warsaw|varshe|varšuva|warszowa|waršawa|warszawianka courts|boroughs of warsaw|wa wa|warsaw invasion|warsaw poland|warszewa|un locode plwaw|warszawa|warsawa|warshaw|varsovian|warsaw|warsaw city poland|plwaw|Warsaw (Poland)|Warsaw City, Poland|Wa-wa|Warsaw, Poland|UN/LOCODE:PLWAW|Warszawa, Poland"
What name besides glove is given commonly to a baseball player's handwear?,Mitt,mitt disambiguation|mitt|Mitt (disambiguation)
"What American animal is commonly called an antelope, but is not actually an antelope?",Pronghorns,prong horn antelope|antilocapra americana|pronghorn antelope|pronghorn|antilocapra anteflexa|pronghorns|prong buck|pronghorn sheep|antilocapra|american antelope
Scrying commonly entails the use of a?,Crystal ball,crystal ball|shew stone|show stone|crystal balls|🔮
What is the last name name of the doctor who first described a certain disease in An Essay on the Shaking Palsy written in 1817?,Dr. (James) Parkinson,dr james parkinson|Dr. (James) Parkinson
"Two all beef patties, special sauce, lettuce, cheese, pickles, onions on a sesame seed bun describes what?",Big Mac Sauce,"maharaja mac|two all beef patties special sauce lettuce cheese pickles onions on sesame seed bun|big mac sauce|baby mac|monster mac|gotbot com|big mac® sauce|big mac r sauce|macsauce|big macs|bigmac|big mac slogan|special sauce|twoallbeefpattiesspecialsaucelettucecheesepicklesonionsonasesameseedbun|big mac|mega mac|special sauce mcdonald s|gofbot com|Two all-beef patties, special sauce, lettuce, cheese, pickles, onions on a sesame seed bun|Two all beef patties, special sauce, lettuce, cheese, pickles, onions, on a sesame seed bun|Two all beef patties, special sauce, lettuce, cheese, pickles, onions on a sesame seed bun|A Big Mac|Two all beef patties, special sauce, lettuce, cheese, pickles, onions on a sesame seed bun.|Two all beef patties special sauce lettuce cheese pickles onions on a sesame seed bun|Special sauce (McDonald's)|Gotbot.com|Gofbot.com|Big Mac(r) Sauce|Two all beef patties, special sauce, lettuce, cheese, pickles, onions, on a sesame seed bun."
Who was the first person after Scott to reach the South Pole overland?,Sir Edmund Hillary,sir edmund|edmond hillary|sir edmund hillary|edmund hillary|sir edmund percival hillary|edmund hilary|sir ed|ed hillary|sir edmund hilary|edmund percival hillary
What type of aircraft was used by Alcock and Brown when they became the first men to fly the Atlantic non stop?,Vickers Vimy Commercial,vickers commercial|vickers vimy commercial|vickers vimy|vickers fb 27 vimy|vickers vimy ambulance|vickers f b 27 vimy|n f express les mureaux|A.N.F. 'Express Les Mureaux'|Vickers FB.27 Vimy|Vickers F.B.27 Vimy
Which is the first written single word number in which the letter ‘A’ appears?,Thousand,one thousand|thousand|1000
What was the name of Shari Lewis' sassy sock puppet?,Lamb Chop,lamb chop|lambchop|lamb chop disambiguation|lamb chops|Lamb Chop.|Lamb chop (disambiguation)
What is the fastest animal on two legs?,Ostrich farms,ostriches|ostrish|ostrich racing|ostrich race|ostritch|ostrich egg|ostrich|osterish|ostridge|struthio camelus|ostrich farming|ostrich farmer|ostrage|ostrich farms|struthious|masai ostrich|ostrich meat|ostrich farm|common ostrich|osterich|An Ostrich
Whose horse was Black Nell?,Wild Bill Hickok's,wild bill hickok s|Wild Bill Hickok's
On what body of water did Jesus supposedly walk?,Sea of Genezareth,lake kinneret|lake of gennesaret|lake tiberius|sea of tiberias|kinnaret|sea of gallilee|sea of kinnereth|sea of galilee|lake of galilee|genesareth|sea of genezareth|kinaret|lake tiberias|lake galilee|yam kinneret|kinnereth|lake of tiberias|sea of chinneroth|khinnereth|lake of genesareth|sea of gennesaret|lake of tabariyyah|kinnareth|sea of chinnereth|lake of gennesar
"What is the title of Tony Blair's autobiography/memoir published in 2010, which covered events from 1994 to his resignation as Prime Minister?",A Journey,journey|A Journey
What was Julian Schnabel's acclaimed 2008 film of the book written by a stroke victim's blinking eye?,The Diving-Bell and the Butterfly,le scaphandre et le papillon|diving bell and butterfly|The Diving-Bell and the Butterfly|The diving bell and the butterfly|Diving bell and the butterfly
Which king’s beloved son William was drowned in the tragedy of the White Ship?,Enrique I,enrico i|hendrik i|henry first|henry i disambiguation|henri i|henry i|henry 1|enrique i|henry 1st|king henry i|Henry the 1st|Henry the First|Henry I (disambiguation)
"What was the 42nd state to join the Union on Nov 11, 1889?",Washington (Amtrak station),"washington amtrak station|washington cta disambiguation|washington usa|washington cta|washington disambiguation|washington united states disambiguation|washington college disambiguation|washington|washington united states|washington university disambiguation|washington u s|Washington (Amtrak station)|Washington College (disambiguation)|Washington, United States|Washington, USA|Washington University (disambiguation)|Washington (CTA)|Washington (CTA) (disambiguation)|Washington, United States (disambiguation)|Washington, U.S.|Washington (disambiguation)"
A Suffolk Punch is what kind of animal?,Horse,horſe|equus caballus|domestic horse|equus caballus belgius|equus caballus celticus|equine studies|equine quadruped|equus caballus domesticus|equus caballus europaeus|equus caballus robustus|equus caballus brittanicus|equines|equine quadraped|horsies|equus caballus aryanus|equus caballus libycus|equus caballus hibernicus|equus laurentius|equus caballus sylvestris|🐴|equus caballus gracilis|equus caballus nordicus|equus caballus nehringi|equus caballus africanus|nag horse|equus cabalus|equus caballus asiaticus|equus caballus cracoviensis|domesticated horse|🐎|equus caballus ewarti|horsie|equus caballus varius|equus ferus caballus|hot blooded horse|equus caballus parvus|cold blooded horse|equus caballus gallicus|horse|horses|equus caballus typicus|Hot blooded (horse)|Nag (horse)|Cold blooded (horse)
A rabbit punch is a blow to what part of the body?,Necke,neck|human neck|necke|collum anatomy|nuchal|Collum (anatomy)
"Which American wit said, 'This is not a novel to be tossed aside lightly. It should be thrown with great force'?",Constant Reader,algonquin wit|dot parker|dorothy parker|dorothy rothschild|dottie parker|dorothy rothschild parker|sunset gun|constant reader
What was the first Beatles film?,A hard day's night,hard days night|hard day s night disambiguation|hard day s night|A hard day's night|Hard Day's Night|A Hard Day's Night (disambiguation)|A hard days night|A Hard Day’s Night
Films. Which Dominic starred as Merry (Meriadoc) in ‘The Lord of the Rings’?,Monaghan Urban Council,"monaghan|old cross monaghan|monaghan town|monaghan county monaghan|monaghan urban council|monghan|muineachán|rossmore memorial monaghan|Monaghan, County Monaghan|Rossmore Memorial, Monaghan|Old Cross, Monaghan"
Which celebrity first found fame as the Joan Collins Fan Club,Joan Collins Fanclub,joan collins fanclub|joan collins fan club|julian clary|The Joan Collins Fanclub
Which Japanese island that has its capital at Sapporo is the traditional home of the Ainu people?,Hokkaidou prefecture,"mosir|jesso|jp 01|hokkaidô prefecture|bilk drink|hokkaido japan|beihaidao|hokkaidō|hokkaidō japan|北海道|hokkai do|bilkalberta|hokkaidoo|hokkai|hokkaido|hokkaidô|hokkaidou|hokkaidoo prefecture|hokkaidou prefecture|hokkaidō region|hokkaido region|hokkaidō prefecture|hokkaido prefecture|hokkaidoh|hokkaido island|hokaido|ezochi|hokkaidô japan|hokkaidoo region|hokkaidoh prefecture|JP-01|Hokkaidō, Japan|Hokkaidô, Japan|Hokkaido, Japan|Hokkai-do|Bilk (drink)|Hokkaido (Japan)"
In which US city do the Baseball team known as the 'Royals' play their home games?,Kansas City Metro,"kansas city metro|kansas city overland park kansas city mo ks combined statistical area|kansas city overland park kansas city mo ks csa|kansas city mo ks msa|kansas city missouri metropolitan area|kansas city metro area|greater kansas city|kansas city usa|kansas city|kc metropolitan area|kansas city mo ks metropolitan statistical area|kansas city metropolitan area|k c metropolitan area|metropolitan kansas city|Kansas City, Missouri metropolitan area|Kansas City-Overland Park-Kansas City, MO-KS CSA|Kansas City-Overland Park-Kansas City, MO-KS Combined Statistical Area|K.C. Metropolitan Area|Kansas City, MO-KS MSA|Kansas City, MO-KS Metropolitan Statistical Area|Kansas City, USA"
"""What medical board game features body parts such as """"Charley Horse"""" and """"Spare Ribs""""?""",Operations,operation|operating|operation disambiguation|operations|Operation (disambiguation)
What term refers to a triangle with two equal sides?,Isosceles triangle,isosceles|isoceles triangle|isoceles|isosceles triange|isosceles triangle
Who was the leader of France’s Vichy Government during World War II?,Henri Phillippe Pétain,henri philippe pétain|henri phillippe petain|philipe pétain|marechal petain|henri petain|marshal henri philippe petain|phillippe pétain|phillippe petain|phillipp petain|phillipe petain|pétain|general pétain|henri pétain|marshall pétain|philippe benoni omer joseph pétain|henri philippe benoni omer joseph petain|philipp pétain|philippe pétain|maréchal pétain|marshal petain|henri philippe petain|marshall petain|pétainisme|marshal philippe petain|petainist|philippe benoni omer joseph petain|philipp petain|phillipe pétain|philipe petain|marshal henri petain|marshal pétain|petainisme|henri philippe benoni omer joseph pétain|philip petain|philip pétain|phillipp pétain|henri phillippe pétain|phillip petain|philippe petain|petain|phillip pétain|general petain|Henri-Philippe Petain|Henri-Philippe Pétain
If I Were A Rich Man Was a big hit from which stage show?,Fiddler on a Roof,fiddler on roof|sprintze|anatevka|2 life|fiddler on reoof|Fiddler on a Roof|Fiddler on the roof|The Fiddler on the Roof|Fiddler on the reoof
"Luzon, Visayas and Mindanao form the three major island groups of which country?",Islas Filipinas,etymology of philippines|philippinan|philippines colonial history|legazpi boulevard|pilipinas|republic of philippines|pinas country|islas de filipinas|philippine archipelago|filipino republic|islas filipinas|philiphines|fillipines|phillipine|phillipines|las islas filipinas|phillipenes|philipine|philippines republic|lu sung|philippine republic|republic of pilipinas|phillippenes|regional population of philippines|republika ng pilipinas|philippenes|phillippine|filippines|fillippines|philipines|department of health center for health development|phillippines|iso 3166 1 ph|filipines|philippine|philippines|philippine islands|philippines archipelago|The Republic of the Philippines|Pinas (country)|ISO 3166-1:PH|Regional population of the Philippines|The Philipines|Republic of the Philippines|The Phillipines|The Phillippines|Etymology of the Philippines|The Philippines|Department of Health-Center for Health Development
"First debuting in the cartoon Mickey's Review, what classic turtle neck wearing cartoon character had the original name of Dippy Dog?",Goofy holler,super goofy|max goofy|goofy|goofy holler|gawrsh|goofey|george geef|goofy yell|super goof|goofy jr|hyuck|list of donald duck goofy cartoons|ah hyuck|dippy dawg|goofy sr|list of goofy cartoons|goofy goof|goofy filmography|Gawrsh!|Goofy Jr.|Ah-Hyuck|A-Hyuck|Goofy Sr.|List of Donald Duck & Goofy Cartoons
"What is prussic acid, found in bitter almonds and laurel leaves, also known as?",Formic anammonide,hydrocyanic acid|carbon hydride nitride|formonitrile|cyanide gas|hydrogen cyanide gas|prussic acid|hydrocyanide|cyanane|formic anammonide|methanenitrile|mw6825000|hydrodyanic acid|h c≡n|hydridonitridocarbon|74908|hydrogen cyanide|74 90 8|cyclon|hydrocyan|bleiby process|74-90-8|H-C≡N
Which UK band had 2 top ten singles in the same week in 2001?,Manic Street Preachers,flicker musician|jenny watkins isnardi|i know i believe in nothing but it is my nothing|70 songs of hatred and failure|manics|manic street preachers|The Manics|Jenny Watkins-Isnardi|Flicker (musician)|The Manic Street Preachers
"The first US space station was launched on May 14, 1973. What was it called?",Skylab One,skylab program|sky lab|skylab|skylab i|project skylab|skylab 5|skylab 1|skylab one|Skylab A
Which P is the correct technical term for the art of making and displaying fireworks?,Pyrotecnics,flash pot|pytrotechny|pyrotechnical|pyrotechnic|pyrotecnics|pyro technic|puff pot|pyrotechnics|pyrotechnic device
What is the more common name for atmospheric vapour frozen in a crystalline form,Snowflake structure,🌨|snow cover|snowing|snow|snow showers|snow water equivalent|wet snow|flother|snows|snow water equivalency|snow shower|snow depth|snow broth|snowed|snowflake structure|snowbroth|packing snow|snow event|sneaux|snowfall|snow crystal|Snow-water equivalent|Snow-broth
"In the 2005 Julian Barnes novel ‘Arthur and George’, who is Arthur?",A Conan Doyle,"arthur c doyle|doyle arthur conan|arthur ignatius conan doyle|arthur conan doyle s|arthur conan doyle|doylean|sir arthur conan doyle|sir arthur doyle|sir conan doyle|conan doyle|doyle sir arthur conan|arthur conan ignatius sir doyle|arthur conan ignatius doyle|sir arthur ignatius conan doyle|conan doyle sir arthur|A Conan Doyle|Arthur Conan-Doyle|Arthur Conan Ignatius, Sir Doyle|Doyle, Arthur Conan|Doyle, Sir Arthur Conan|Arthur C. Doyle|Arthur Conan Doyle's|Conan Doyle, Sir Arthur|A. Conan Doyle"
Which organization of the Catholic church whose name is Latin for 'Work of God' received world attention with the publication of The Da Vinci Code in which it is portrayed as participating in a sinister international conspiracy?,The Prelature of the Holy Cross and Opus Dei,odan|personal prelature of opus dei|opus dei allegations of being cult|opus dei awareness network|opus dei|opus dei sources of controversies|prelature of holy cross and opus dei|personal prelature of holy cross and opus dei|The Prelature of the Holy Cross and Opus Dei|Personal Prelature of the Holy Cross and Opus Dei|Opus Dei: Sources of controversies|Opus Dei: Allegations of being a cult|Prelature of the Holy Cross and Opus Dei
Fado is a type of music from which country?,Portogało,portugul|portugallu|portugalska|pòtigal|portugaul|portugalujo|portuguese republic|iso 3166 1 pt|republic of portugal|portugalsko|portugual|bồ đào nha|portugall|portûnga|bo dao nha|phortaingeil|portugale|portugal|portugál|portugalėjė|portiwgal|phu to ga|portugalija|portugalio|portogallo|phû tô gâ|portegal|república portuguesa|portugāle|phortaingéil|yn phortiugal|portogało|portuga|portugaleje|portekiz|o papagaio|portunga|potigal|portekîz|pertual|portogalo|portugali|portyngal|republica portuguesa|portingale|portúgal|portgual|potiti|ISO 3166-1:PT|Phu-to-ga|An Phortaingéil|Phû-tô-gâ|An Phortaingeil
What is the capital of Algeria,"Algiers, AL","algerine|al jazāʾir|etymology of algiers|al jazair|dzair|al jazā ir|algiers al|al jaza ir|algiers|el behdja|el djazair|el jezair|al jazaʾir|el djazzair|argier|algiers algeria|algérois|alger la blanche|algeirs|algeri|capital of algeria|Algiers, AL|Algiers, Algeria|Al-Jaza'ir|El-Djazzair|El-Jezair|Al Jaza'ir|Al-Jazair|Al-Jazāʾir|El-Behdja|Al-Jazā'ir|Al-Jazaʾir"
"In weaving, what are the threads running parallel to the length of the cloth called?",Warping,warp disambiguation|warp|warpdrive|warped disambiguation|spacewarp|warp drive disambiguation|warping|Warp (disambiguation)|Warped (disambiguation)|Warp drive (disambiguation)
"In the human body, what is the common name for the 'Talus bone'?",Ancle,articulatio talocruralis|ankles|talocrural articulation|ankle joint|mortise view|ancle|ankle|tibiotalar joint|talocrural joint|talocrural|ankle examination|Ankle-joint
Can you connect Darwin and his research on Galapagos Islands to the book To Kill a Mockingbird?,Fringillidae,"carduelidae|finch|carduelini|finches|fringillidae|true finch|finch bird|""""""Finch""""""|Finch (bird)"
"""Who said, To err is human but it feels divine?""""""",Mae West,"mae west filmography|is that gun in your pocket or are you just happy to see me 3f|mae west|when i m bad i m better|when i m good i m very good|jane mast|Is that a gun in your pocket, or are you just happy to see me%3F|When I'm Bad, I'm Better|When I'm good, I'm very good..."
An isohel is a line on a map connecting two points which have the same duration of what?,Solar Irradiation,sunshine|sun shiny|solar radiation|total solar irradiance|sunlight|sun light|sun shine|solar spectrum|sun s radiation|solar output|sunshiny|sun radiation|sunlit|uses of sunlight|solar irradiation|natural lighting|Sun's radiation
What was placed in Earth’s orbit by Discovery in 1990?,Hubble Space telescope,hubble telescope|telescopio espacial hubble|hubbel space telescope|hubble space telescope servicing mission 2|starry eyed hubble|hubble|space telescope operations control center|hubble space telscope|telescópio espacial hubble|hst telescope|hubble space telescope servicing mission 1|1990 037b|hubble space telescope|hubble spacecraft|hubblecast|hubble space telescope hst|1990-037B|The hubble|Hubble Space Telescope (HST)|Hubble (spacecraft)|Starry-Eyed Hubble|HST(telescope)|The Hubble Telescope
"Vijay Singh, a US Masters champion, comes from where?",Fiji Islands,fidji|feejee|etymology of fiji|fijis|tourism in fiji|fidji islands|chikoba|pacific fiji|fiji islander|republic of fiji islands|cannibal isles|matanitu tugalala o viti|fiji|name of fiji|holidays in fiji|ripablik ăph phījī|fiji island|sovereign democratic republic of fiji|matanitu ko viti|fiji islands|fiji archipelago|iso 3166 1 fj|fiji s|republic of fiji|fijian islands|Pacific/Fiji|ISO 3166-1:FJ|Fiji's|Republic of the Fiji Islands
What are the only two types of mammal that can lay eggs?,Platamapus,"beaver duck|duckbilled platypus|duck billed playtupus|platypuses|platamapus|ornithorhyncus anatinus|platypus|ornithorhyncus|platipus|duck fox|marsupial duckbill|platypodes|duck mole|ornithorhyncus paradoxus|mallangong|duckbill platypus|duck billed platapus|duckmole|duck billed platypus|platapus|platypi|plata ma pus|platipous|palatipuses|ornithorhynchus|monotremes oviparous ovum meroblastic|ornithorhynchus anatinus|Duck-Mole|Duck-billed Platypus|Duck-Fox|Monotremes oviparous, ovum meroblastic|Plata-ma-pus"
What is animelles the culinary term for,Testical cyst,testical cyst|testicals|balls slang|testicular diseases|testicular hormones|teste|testicle|testicular disorder|testical|orchitic|testes|testis|testicle size|testicular size|testicular|testicles|low hangers|Balls (slang)
"In the human body, what seven letter word describes the loss of the sense of smell ?",Anosmia,anosmia|anosmesia|impaired smell|lack of smell|weak smell|olfaction disorders|loss of smell|smell loss|anosmic
In which ‘business’ did John Davidson Rockefeller make his fortune?,Oil (disambiguation),oil disambiguation|oil|Oil (disambiguation)
"""What has been described as the """"fifth"""" taste, after sweet, sour, bitter, and salty?""",Savory taste,savoryness|meaty taste|umani|malinamnam|umami taste|savouriness|umami|savour|umame|gamchilmat|osmazome|linamnam|savory taste|xian wei
"In Greek mythology, who stole fire from the gods and gave it to the human race?",Trick at mecone,prometheo|caucasian eagle|προμηθεύς|prometheus greek mythology|prometheos|prometheas|prometeus|promethius|prometheus|trick at mecone|Prometheus (Greek mythology)
Which metal is added to steel to produce stainless steel?,Chromium compounds,chromium iii|element 24|chronium|dichromium|chromium compounds|chromium|chromium element|cromium|Chromium(III)|Chromium (element)
What colour/color is Mr Bump in Hargreaves' Mr Men series of children's cartoon books?,Blue,"bluish|blae|blue|blue colour|blueishly|bluishness|bluer|caspian blue|blueishness|orphan blue|light blue|blue in human culture|bluest|blueness|0 0 255|rgb 0 0 255|bluishly|slate blue color|list of terms associated with color blue|police car blue|blue color|dark blue color|pale blue|Rgb(0, 0, 255)|Slate Blue (color)|Dark Blue (color)|Blue (color)|Blue (Colour)|List of terms associated with the color blue|Light-blue|(0, 0, 255)"
What is the name given to the official residence provided for the Olympic athletes?,Paralympic Village,athletes village|paralympic village|olympic village
"Which organization claims to have the world's largest collection of public records, unpublished opinions, forms, legal, news, and business information?",Matthew Bender,concordance computer software|lexusnexus|matthew bender|mead data central|lexus nexus|data central|lexis com|lexis nexis|concordance database|lexis|matthew bender co|lexisweb|matthew bender company|lexisnexis academic|seisint|lexisnexis news|state net|lexisnexis examen|nexus lexus|lexus nexis|lexis library|nexis|sheshunoff information services|concordance software|nexis com|lexis nexus|lexisnexis|nexislexis|lexisnexis matthew bender|Matthew Bender & Co.|Concordance (software)|Matthew Bender & Company|Lexis/Nexis|Nexis.com|Concordance (computer software)|Lexus-Nexus|Lexis.com|Lexis-nexis|Lexis-Nexus
What colour is the cross on the national flag of Switzerland?,White (Colour),"color white|white political adjective|whitishness|rgb 255 255 255|255 255 255|ffffff|whitishly|white colour|man on white horse|white|whiter|white finn|whitest|White (Colour)|Rgb(255, 255, 255)|(255, 255, 255)|White (political adjective)|White-|White-Finn|Color/white|Man on a white horse"
What was the first top ten entry for Ce Ce Peniston (1992),We Got a Love Thang,we got love thang cece peniston song|we got love thang|We Got a Love Thang|We Got A Love Thang (CeCe Peniston song)
Involvement with which corrupt architect led to the resignation of Home Secretary Reginald Maudling in July 1972?,Poulson affair,john gerhard llewellyn poulson|john poulson|poulson affair|william pottinger|john garlick llewellyn poulson
In which European city is the Belvederen Gallery?,Capital of Austria,"vinarborg|wien austria|vindobonensis|vienna porcelain|vienna state|habsburg austria|vindabona|city of vienna|gemeinderat of vienna|bécs|wienna|architecture of vienna|wien|demographics of vienna|vienna austria|vínarborg|vienna at 9|capital of austria|wene|government of vienna|un locode atvie|europe vienna|viena|vienna|Vienna (state)|Vienna, AT-9|Habsburg, Austria|UN/LOCODE:ATVIE|Vienna (Austria)|Europe/Vienna|Wien, Austria|Vienna, Austria"
"Graca Machel, the widow of a President of Mozambique, is the wife of which famous man?",Nelson Mendella,nelson mandela|tata madiba|nelson rolihlahla mandela|4664|mandella|nelson mendela|zindzi mandela|nelson mandella|rolihlahla mandela|madiba|nelson mendella|mr mandela|gadla henry mphakanyiswa|rolihlahla|black pimpernel|mandela|nelson madela|nelson mandeal|tata mandela
Aberdeen is known as what?,The granite city,granite city|granite city disambiguation|The granite city|Granite City (disambiguation)
Which shocking fish is also known as a torpedo?,Torpediniformes,torpedo fish|torpedo zoology|electric rays|torpedofish|electric ray|torpedo ray|torpediniformes|Torpedo (fish)|Torpedo (zoology)
What name is given to a baby marsupial?,Joey (disambiguation),joey disambiguation|joey film|joey|joey song|Joey (disambiguation)|Joey (song)|Joey (film)
What period film of Stanley Kubrick that recounts the exploits of an 18th century Irish adventurer is loosely based on a novel of William Makepeace Thackeray?,Barry Lyndon (film),barry lyndon film|barry lynd|barry lyndon|Barry Lyndon (film)
"""'The Doors' generated a controversy with the single """"Hello, I Love You"""" in 1968 when the press pointed out it's resemblance to the 1965 hit """"All Day and All of the Night"""" of which band?""",The Kinks,"kinks band|gordon john edwards|john gosling kinks musician|ray davies quartet|kinks|The Kinks|John Gosling (The Kinks musician)|The Ray Davies Quartet|The Kinks (band)|Kinks, The"
The name of which chemical element of the Periodic Table ends with the letters KEL ?,Nickel metallurgy,nickel|nickelic|nickel mining in bc|nickelous|element 28|nickel metallurgy|kupfernickel|nickel element|ni2|Nickel (element)|Ni2+
In which county will you find Fountains abbey and Studley Water Gardens?,Wrench Green,"north yorkshire|wrench green|north yorkshire england|North Yorkshire, England"
What nationality was the astronomer Copernicus ?,Polishedly,polishedly|polisher|polishes|polish disambiguation|polishers|polski|polish|polishingly|Polish (disambiguation)
Darwin is the capital of which Australian state ?,Northern Territory,"north territory|northern territory of australia|northernterritory|northern territories australia|northern territory australia|south australia northern territory|northern territory|northern territorian|au nt|local government in northern territory|The Northern Territory|AU-NT|Northern Territory, Australia|South Australia (Northern Territory)|Local government in the Northern Territory|Northern Territories, Australia"
The 19th century invention Paige Compositor sought to replace the typewriter but ended up becoming a failure. Which American author lost nearly all his fortune for its development?,Mark Twain,"twain mark|samuel longhorn clemens|samuel l clemens|samuel langhorne clemens|sl clemens|reports of my death are greatly exaggerated|sam clemens|samuel langhorn clemens|soleather|twainesque|mark twain|sam langhorne clemens|marc twain|samuel longhorne clemens|samual clemens|sergeant fathom|samuel clemens|twainian|w epaminondas adrastus blab|samuel clements|thomas jefferson snodgrass|Twain, Mark|Samuel L. Clemens|W. Epaminondas Adrastus Blab"
What product invented by Frederick Walton in 1864 became so widely used and 'stepped on' that the name became generic just 14 years after its invention?,Lynolium,lynolium|linoleum|linolium|marmoleum
What is the scientific name given to tea?,Camelia sinensis,camellia waldenae|tea shrub|camellia sinensis|camelia sinensis|thea viridis|camellia sinensis sinensis|thea bohea|camellia assamica|camelia sinesis|camellias sinensis var assamica|thea sinensis|tea plant|Camellias sinensis var. assamica
Who did June Carter marry?,Vivian Cash,"johnny cash family|johnny cash lists|jonny cash|johny cash|j cash|vivian liberto|j r cash|american series|johnny cash band|jr cash|johnny r cash|chicken in black|johnny cash biography|johnny cash songs|johnny cash – biography|cash john|johnny cash discography|cash johnny|vivian cash|johnnycash|johnie cash|johnny cash|Cash, Johnny|Johnny Cash - Biography|J. Cash|J.R. Cash|J. R. Cash|Cash, John|Johnny R. Cash|Johnny Cash (band)"
Who on TV has played a scarecrow and a Time Lord?,John Pertwee,john pertwee|jon pertwee
Who had the most expensive presidential inauguration ceremony of the 20th century?,George Walker Bush,"bush junior|bushian|george w budh|g dub|baby bush|bush ii|george w bush|gorge w bush|g walker bush|jorge w bush|george w bush jr|us president george w bush|george w bush street|goerge w bush|george bush junior|georgewbush|gw bush|george walker bush|43rd pesident of united states|george w bush 43rd president of united states|george w buah|george bush 2000|international perception of george w bush|dubya bush|george bush jr|george w bush painter|george w|junior bush|bush george w|dubyuh|g w bush|w bush|george dubya bush|george bush ii|george bush 2|dubya|bushists|president bush 2000|2004 republican presidential nominee|religious faith of george w bush|president bush 43|former president george w bush|bush 43|43rd president of united states|g w b|george w bussh|bush jr|george wаlker bush|president george walker bush|bush younger|george bush 43rd u s president|george bush 43|george younger|2000 republican presidential nominee|geroge w bush|president george w bush|Bush, George W.|Bush Jr.|George W. Bush (painter)|Bush the younger|George the Younger|George W. Bussh|George W. Bush Street|George Bush (43rd U.S. President)|George Bush jr.|G.W. Bush|W. bush|G. W. Bush|US President George W. Bush|G.w.bush|George W. Bush, 43rd President of the United States|George Bush (2000)|George w.|Gorge W. Bush|G. Walker Bush|GEORGE W. BUSH|President Bush (2000)|Goerge W. Bush|George W. Budh|43rd President of the United States|George W. Buah|43rd Pesident of the United States|Jorge W. Bush|International perception of george W. Bush|Bush (43)|George Bush (43)|Bush-43|G. W. B.|Religious faith of George W. Bush|President Bush (43)|George W.Bush|George Bush, Jr.|G. Dub|Former President George W. Bush"
Arthur Thistlewood led which failed conspiracy in 1820?,CATO STREET,cato street
"In April, which sportsman married his childhood sweetheart Kim Sears?",Andy Murray (tennis player),andy murrey|sir andy murray|andy murry|andy murray|andrew murray tennis|murraymania|andy murray tennis|andrew murray tennis player|andy murray tennis player|kim sears|Andy Murray (tennis player)|Andrew Murray (tennis player)|Andy Murray (tennis)|Andrew Murray (tennis)
Stalactites grow down from the top of cave. What grows up from the floor of a cave?,Stalagmite,stalagmitic|stalagmites|stalagmite
Which was the only eastern bloc country to participate in the 1984 LA Olympics?,ISO 3166-1:RO,danubian carpathian area|roumania|austro hungarian empire romania|romania|rromania|iso 3166 1 ro|rou|country rom|ro country|rumunia|romainia|rumänien|etymology of romania|north danubian region|romînia|rumania|romanian state|carpathian danubian space|românia|republic of romania|roumanie|ISO 3166-1:RO|RO (country)|Danubian-Carpathian Area|Austro-Hungarian Empire (Romania)
"The London production of which play by acclaimed Australian playwright, David Williamson, won him the George Devine Award, the first time for a non-UK writer?",The Removalists,removalists|The Removalists
In which country was the first permanent bungee jumping site situated?,N Z,"newzealand|new zealand|aotearoa|kiwistan|new zeland|staten land|staten landt|neo zealand|new zeeland|mew zealand|new zealand s|new zealend|iso 3166 1 nz|nova zeelandia|aotearoa new zealand|nu tirani|subdivisions of new zealand|n zealand|new zealnd|new zealnad|new xealand|administrative divisions of new zealand|maoriland|nzl|niu tireni|new z|its got that new zeal|n z|name of new zealand|enzed|nz|new zaeland|new zelanad|sheepland|etymology of new zealand|kiwiland|māoria|staaten land|nouvelle zelande|Nouvelle-Zelande|New Zealand's|New Zealand.|New Zealand,|New+Zealand|ISO 3166-1:NZ|Aotearoa / New Zealand|New-Zealand|N.Z.|New.Zealand|N. Zealand"
"Which 2010 biographical film, starring Mark Wahlberg and Christian Bale, centred on the life of professional boxer 'Micky Ward' and his older half-brother 'Dicky Eklund'?",The Fighter (2010 film),fighter 2|fighter 2010 film|fighter|fighter film|The Fighter (2010 film)|The fighter|The Fighter (film)|The Fighter 2|'THE FIGHTER'
The 'Gowk' is an old dialect word for which bird?,The cuckoo,cuckoo|kukushka|cuckoo movie|cuckoo disambiguation|The cuckoo|The Cuckoo (disambiguation)|Cuckoo (movie)
What is the name of the convenience store operated by Apu on TVs The Simpson?,Kwik e mart,quickie mart|kwikee mart|kwik e mart|freak e mart|kwikemart|quick e mart|Quick-E-Mart|The Quickie Mart|Kwik-E Mart|Kwik-e-Mart|Freak-E-Mart
Who played Brad Pitt’s wife Theresa Mills in the film ‘Seven’?,Gwynyth Paltrow,gwynyth paltrow|gweneth paltrow|gwynneth paltrow|gwneth paltrow|gwyneth paltro|gwenneth paltrow|gwennyth paltrow|apple martin|gwynnyth paltrow|goop com|gwyneth k paltrow|gwenyth paltrow|apple blythe alison martin|gwyneth paltrow|gwyneth kate paltrow|Gwyneth K. Paltrow|Goop.com
"""Who wrote the trilogy of books """"The Millennium Trilogy"""" featuring the character Lisbeth Salander?""",Stieg Larsen,stieg larson|stieg larssen|stieg larsson|steig larsson|stieg larsen
From which film did The Harry Lime Theme come,The Third Man (film),third man|der dritte mann|3rd man|harry lime|third man tv series|third man film|third man novel|The Third Man (film)|The Third Man|The Third Man (novel)|The 3rd Man|The Third Man (TV series)
' Ophidian ' refers to what kind of creatures ?,Snkae,snake diet|snake anatomy|snkae|serpentes|snake zoology|snake locomotion|snake food|coronellidae|snakiest|serpentiform|snake|🐍|serpentigenous|snakey|snakes|Snake (zoology)
"The equatorial Republic of Kiribati's 'Kiritimati' (Christmas) Island, among the first land to see each new day/year, is in which ocean?",Pacific Basin,eastern pacific ocean|oceanum pacificum|north pacific|pacific basin|mid pacific|west pacific|eastern pacific|southern pacific ocean|tepre pacificum|pacific oceans|mar del sur|peaceful sea|east pacific|sea of magellan|pacific region|pacific ocean|south western pacific|north pacific fisheries|great south sea|south pacific ocean|western pacific ocean|north pacific ocean|pacific|South-Western Pacific|Pacific (ocean)|Mid-Pacific
"Which type of lens is thicker at the centre than at the edge, as used in microscopes?",Lens Maker's Formula,double concave lens|lensmaker s formula|convex lens|lens equation|optical lens|minus lens|singlet lens|bi concave lens|lens maker s equation|bi convex lens|biconvex lens|conventional lens|negative lens|lensmakers equation|bi concave diverging lens|compound lens|lens optics|concave lens|lens makers equation|thin lens formula|lensmaker equation|lens maker s formula|thin lens equation|double convex lens|convexo concave lens|lensmaker formula|planoconcave|plano convex lens|lensmaker s equation|biconcave|real is positive convention|plano concave lens|crystal lens|equiconvex lens|lensmakers forumula|bi convex converging lens|diverging lens|double convex converging lens|meniscus optics|biconcave lens|lens formula|biconvex converging lens|converging lens|meniscus lens|convex lenses|double concave diverging lens|biconcave diverging lens|spherical lens|convex concave lens|plus lens|lens maker equation|curved lens|Lens Maker's Formula|Convexo-concave lens|Double-convex converging lens|Lens (optics)|Lensmakers' forumula|Meniscus (optics)|Bi-convex converging lens|Convex-concave lens|Bi-concave lens|Lensmaker's formula|Double-convex lens|Double-concave lens|Real-is-positive convention|Plano-concave lens|Bi-concave diverging lens|Lensmaker's equation|Lensmakers' equation|Plano-convex lens|Bi-convex lens|Singlet (lens)|Lens maker's equation|Double-concave diverging lens
The Mossad is the intelligence agency of what country?,İsrail,israel|yisroel|יִשְׂרָאֵל|israeli state|republic of israel|yisrael|etymology of israel|israelian|dawlat isrā īl|medinat yisrael|medinat yisra el|israil|isræl|dawlat isra il|מְדִינַת יִשְׂרָאֵל|medinat israel|i̇srail|מדינת ישראל|isreali|state of israel|iso 3166 1 il|izrael state|israeli nation|israelim|israeli republic|دولة إسرائيل|israel nation|yisraél|יִשְרָאֵל|isra il|israyl|m dinat yisrael|medīnat yisrā el|hebrew state|istrael|isreal|modern israel|ישראל|israël|jewish palestine|israel country|isreael|israe|yisra el|jewish republic|yisroeil|Israeli (nation)|ISO 3166-1:IL|Dawlat Isra'il|Isra'il|Medinat Yisra'el|Dawlat Isrā'īl|Yisra'el|The state of Israel|Israel (nation)|M'dinat Yisrael|Israe;|Izrael (state)|Medīnat Yisrā'el|Israel (country)
Which chemical element is named after the Greek word for the Moon?,Selenious,selenosis|selenious|seleniuretted|selenium poisoning|seleniun|selenium disambiguation|selenium|selenium compounds|element 34|selenian|selenous|seleniferous|Selenium (disambiguation)
